customer_id,transaction_date,amount
CUST0031,2026-08-11,2512.86
CUST0312,2026-08-08,253.91
CUST0102,2026-08-15,951.86
CUST0004,2026-08-09,1845.81
CUST0120,2026-07-31,1089.77
CUST0172,2026-02-13,484.0
CUST0240,2026-04-08,793.73
CUST0005,2026-08-15,1301.46
CUST0044,2026-08-02,899.22
CUST0195,2026-02-01,323.19
CUST0014,2026-08-15,2233.27
CUST0489,2026-07-10,249.56
CUST0284,2026-08-02,591.37
CUST0088,2026-08-02,2470.35
CUST0405,2026-05-27,220.52
CUST0072,2026-08-05,1889.99
CUST0212,2026-04-25,301.0
CUST0069,2026-07-31,2321.56
CUST0056,2026-08-11,2860.53
CUST0081,2026-07-29,1118.92
CUST0294,2026-08-02,538.1
CUST0184,2026-02-13,533.7
CUST0168,2026-03-02,895.5
CUST0067,2026-08-14,1291.95
CUST0183,2026-03-23,382.95
CUST0043,2026-08-09,1949.54
CUST0227,2026-04-24,664.88
CUST0226,2026-05-14,480.69
CUST0030,2026-08-02,1950.74
CUST0019,2026-08-01,2184.68
CUST0169,2026-03-20,603.73
CUST0307,2026-08-08,239.72
CUST0096,2026-08-09,1925.7
CUST0033,2026-08-02,1209.91
CUST0227,2026-03-09,843.0
CUST0478,2026-06-28,324.23
CUST0152,2026-05-05,417.07
CUST0036,2026-08-02,2127.03
CUST0004,2026-07-28,869.14
CUST0033,2026-08-08,2233.01
CUST0003,2026-08-11,2405.13
CUST0008,2026-08-07,1413.52
CUST0121,2026-03-26,576.1
CUST0127,2026-05-01,748.24
CUST0328,2026-08-12,477.27
CUST0034,2026-08-09,1164.13
CUST0155,2026-04-23,753.6
CUST0056,2026-08-14,1070.54
CUST0228,2026-05-09,1086.49
CUST0089,2026-08-06,2338.49
CUST0240,2026-03-02,856.75
CUST0460,2026-04-18,253.72
CUST0123,2026-02-02,1182.33
CUST0146,2026-05-01,532.41
CUST0231,2026-03-05,788.7
CUST0066,2026-08-13,2407.43
CUST0153,2026-03-24,1053.41
CUST0038,2026-08-10,947.79
CUST0040,2026-07-30,1708.15
CUST0150,2026-02-11,519.06
CUST0300,2026-08-02,216.36
CUST0068,2026-08-08,1852.11
CUST0115,2026-08-14,2295.01
CUST0149,2026-02-28,1000.22
CUST0060,2026-07-29,2731.36
CUST0119,2026-08-03,1269.47
CUST0023,2026-08-02,2348.98
CUST0317,2026-08-01,269.66
CUST0019,2026-08-12,2018.48
CUST0011,2026-08-13,1363.66
CUST0218,2026-05-14,683.34
CUST0445,2026-07-02,308.49
CUST0037,2026-08-04,1108.25
CUST0226,2026-03-31,827.96
CUST0196,2026-03-05,860.48
CUST0424,2026-05-24,109.42
CUST0146,2026-03-21,982.65
CUST0074,2026-07-29,1294.15
CUST0148,2026-03-29,644.52
CUST0414,2026-03-19,390.36
CUST0093,2026-08-11,803.44
CUST0170,2026-04-03,1083.6
CUST0156,2026-03-14,461.42
CUST0123,2026-03-10,470.83
CUST0078,2026-08-03,1181.66
CUST0036,2026-07-28,1070.11
CUST0041,2026-08-01,897.16
CUST0128,2026-03-04,713.05
CUST0004,2026-08-13,1838.87
CUST0246,2026-05-13,808.13
CUST0189,2026-03-18,694.36
CUST0249,2026-03-09,630.27
CUST0225,2026-05-14,487.95
CUST0346,2026-08-12,375.97
CUST0110,2026-08-04,927.26
CUST0007,2026-08-08,1650.82
CUST0041,2026-07-31,2835.55
CUST0038,2026-08-11,2233.12
CUST0083,2026-07-28,2529.81
CUST0332,2026-08-11,300.75
CUST0001,2026-07-27,2891.57
CUST0035,2026-07-28,1797.24
CUST0015,2026-08-12,1719.48
CUST0430,2026-06-07,311.16
CUST0195,2026-03-09,696.52
CUST0134,2026-04-13,614.0
CUST0033,2026-08-11,2829.5
CUST0184,2026-03-03,771.23
CUST0476,2026-05-16,213.7
CUST0209,2026-04-08,413.75
CUST0075,2026-08-03,1286.34
CUST0230,2026-03-10,843.92
CUST0057,2026-08-09,1800.43
CUST0089,2026-08-02,2398.68
CUST0176,2026-02-21,359.55
CUST0187,2026-02-17,666.97
CUST0030,2026-08-14,1995.82
CUST0032,2026-08-03,1080.48
CUST0049,2026-08-05,1285.69
CUST0201,2026-04-05,877.35
CUST0002,2026-08-13,2691.87
CUST0096,2026-08-11,2758.21
CUST0091,2026-08-03,2935.69
CUST0173,2026-02-12,411.06
CUST0061,2026-08-05,2127.59
CUST0014,2026-08-03,1272.1
CUST0146,2026-05-12,974.98
CUST0116,2026-08-09,2660.87
CUST0431,2026-05-28,345.74
CUST0077,2026-08-06,2163.1
CUST0013,2026-08-02,2954.92
CUST0178,2026-02-19,635.26
CUST0139,2026-03-02,926.96
CUST0022,2026-07-30,1094.83
CUST0378,2026-08-06,398.22
CUST0234,2026-04-30,1135.25
CUST0033,2026-08-02,2855.61
CUST0192,2026-02-09,1042.02
CUST0188,2026-05-04,1060.38
CUST0115,2026-08-15,1185.49
CUST0144,2026-02-01,589.05
CUST0093,2026-08-05,897.65
CUST0227,2026-04-30,576.28
CUST0031,2026-08-06,1552.58
CUST0133,2026-03-18,618.41
CUST0069,2026-08-02,1022.3
CUST0245,2026-05-02,566.17
CUST0012,2026-08-13,1345.01
CUST0181,2026-02-22,961.43
CUST0287,2026-08-11,510.13
CUST0239,2026-03-20,634.91
CUST0107,2026-07-27,2520.01
CUST0093,2026-07-31,1452.8
CUST0171,2026-04-02,848.95
CUST0158,2026-02-26,846.16
CUST0052,2026-07-30,2893.41
CUST0005,2026-08-11,2323.36
CUST0423,2026-06-28,289.81
CUST0040,2026-08-05,2116.23
CUST0245,2026-03-24,646.26
CUST0022,2026-07-30,2465.4
CUST0048,2026-07-27,2468.18
CUST0037,2026-08-12,2214.44
CUST0035,2026-08-15,1481.86
CUST0057,2026-07-27,2970.59
CUST0056,2026-08-05,2420.08
CUST0073,2026-08-08,1577.15
CUST0306,2026-08-08,260.36
CUST0040,2026-08-12,1987.65
CUST0134,2026-03-30,755.07
CUST0168,2026-02-05,418.49
CUST0115,2026-08-07,2891.01
CUST0014,2026-07-28,2605.41
CUST0188,2026-01-31,339.64
CUST0009,2026-08-15,2069.19
CUST0076,2026-08-06,2433.17
CUST0038,2026-08-14,2121.14
CUST0118,2026-08-14,2517.39
CUST0230,2026-04-06,1005.96
CUST0117,2026-08-14,2726.94
CUST0063,2026-07-30,2421.12
CUST0031,2026-08-10,2455.29
CUST0035,2026-07-30,880.41
CUST0070,2026-07-29,942.16
CUST0259,2026-08-03,264.08
CUST0063,2026-08-15,1621.72
CUST0022,2026-08-08,848.81
CUST0047,2026-07-31,2248.59
CUST0083,2026-08-04,937.0
CUST0036,2026-07-29,2707.39
CUST0042,2026-08-08,1770.27
CUST0162,2026-02-03,486.55
CUST0464,2026-04-24,69.11
CUST0151,2026-03-18,973.37
CUST0016,2026-08-13,1026.87
CUST0150,2026-05-13,867.04
CUST0027,2026-08-03,1526.77
CUST0100,2026-08-08,1516.81
CUST0136,2026-04-25,686.65
CUST0127,2026-03-06,694.55
CUST0137,2026-01-31,959.17
CUST0125,2026-03-26,313.6
CUST0006,2026-08-10,1332.52
CUST0003,2026-08-03,1396.97
CUST0498,2026-06-30,348.15
CUST0105,2026-08-01,1026.05
CUST0018,2026-08-07,2437.27
CUST0310,2026-08-04,577.02
CUST0040,2026-08-10,2098.51
CUST0019,2026-08-03,2933.73
CUST0165,2026-05-09,471.65
CUST0223,2026-04-18,749.37
CUST0033,2026-08-07,1252.28
CUST0010,2026-08-14,1359.16
CUST0195,2026-03-14,660.19
CUST0081,2026-08-05,937.84
CUST0007,2026-07-27,1517.11
CUST0107,2026-08-03,879.07
CUST0147,2026-02-17,1100.22
CUST0241,2026-04-25,583.51
CUST0220,2026-04-01,628.34
CUST0092,2026-08-08,1833.44
CUST0197,2026-02-09,369.13
CUST0161,2026-01-30,451.31
CUST0387,2026-08-04,450.43
CUST0376,2026-08-09,278.49
CUST0150,2026-02-23,631.51
CUST0256,2026-08-12,342.82
CUST0061,2026-07-31,2076.38
CUST0082,2026-08-05,948.87
CUST0236,2026-04-03,513.23
CUST0011,2026-08-08,2333.43
CUST0098,2026-08-11,1302.67
CUST0102,2026-08-01,2979.2
CUST0120,2026-08-13,2895.43
CUST0497,2026-05-09,230.31
CUST0073,2026-08-08,986.54
CUST0097,2026-08-01,1139.81
CUST0012,2026-07-31,1149.02
CUST0240,2026-04-20,907.91
CUST0222,2026-04-25,586.18
CUST0398,2026-08-13,253.13
CUST0043,2026-08-15,1325.31
CUST0487,2026-05-22,388.3
CUST0101,2026-07-30,1456.56
CUST0102,2026-07-30,997.59
CUST0171,2026-05-01,933.67
CUST0062,2026-07-31,2224.44
CUST0061,2026-08-04,2902.15
CUST0084,2026-08-09,2149.64
CUST0150,2026-04-20,495.51
CUST0013,2026-08-01,889.6
CUST0055,2026-07-30,1660.38
CUST0182,2026-01-31,609.56
CUST0013,2026-08-12,899.67
CUST0025,2026-08-10,1065.4
CUST0185,2026-05-01,801.58
CUST0081,2026-07-31,1616.66
CUST0031,2026-08-15,1973.61
CUST0058,2026-08-01,2323.78
CUST0026,2026-07-27,1260.57
CUST0419,2026-06-14,187.64
CUST0235,2026-05-09,673.9
CUST0206,2026-04-08,383.94
CUST0201,2026-04-12,666.94
CUST0146,2026-03-06,825.34
CUST0107,2026-08-07,1209.25
CUST0156,2026-04-26,440.59
CUST0021,2026-08-11,2149.51
CUST0012,2026-08-03,2932.98
CUST0040,2026-07-28,1492.11
CUST0194,2026-03-16,544.8
CUST0210,2026-05-04,1020.19
CUST0162,2026-02-13,318.47
CUST0055,2026-08-06,1322.6
CUST0117,2026-07-27,1735.5
CUST0003,2026-08-02,1231.16
CUST0066,2026-08-14,2987.11
CUST0164,2026-03-17,1087.87
CUST0049,2026-08-01,1875.02
CUST0148,2026-02-17,705.7
CUST0102,2026-07-28,1486.18
CUST0089,2026-08-05,963.33
CUST0117,2026-08-12,2325.96
CUST0105,2026-08-05,1394.87
CUST0159,2026-03-26,1020.07
CUST0235,2026-03-22,349.87
CUST0354,2026-08-03,372.75
CUST0165,2026-02-12,575.82
CUST0064,2026-08-11,2212.34
CUST0105,2026-08-14,2387.79
CUST0005,2026-08-14,2367.0
CUST0090,2026-08-04,2082.18
CUST0129,2026-02-13,1156.34
CUST0177,2026-03-30,553.45
CUST0119,2026-07-30,2399.52
CUST0103,2026-08-07,2485.46
CUST0025,2026-07-29,1412.9
CUST0101,2026-07-28,2767.8
CUST0179,2026-02-19,607.28
CUST0204,2026-04-02,321.18
CUST0202,2026-02-07,1097.48
CUST0076,2026-08-06,2246.63
CUST0162,2026-05-15,1186.77
CUST0040,2026-08-06,2319.23
CUST0114,2026-07-31,1009.88
CUST0134,2026-02-22,1113.2
CUST0120,2026-08-14,2717.11
CUST0439,2026-04-07,155.63
CUST0084,2026-08-08,2555.41
CUST0182,2026-03-07,1043.9
CUST0094,2026-08-01,1721.69
CUST0242,2026-01-29,671.16
CUST0150,2026-04-11,533.62
CUST0018,2026-08-10,2358.0
CUST0065,2026-08-07,1511.42
CUST0029,2026-08-11,1211.5
CUST0081,2026-08-01,848.01
CUST0086,2026-07-29,1043.65
CUST0184,2026-04-26,503.87
CUST0066,2026-07-28,1135.32
CUST0082,2026-08-11,2880.54
CUST0073,2026-08-03,1130.37
CUST0025,2026-08-02,1601.39
CUST0091,2026-08-04,1821.75
CUST0494,2026-07-13,392.11
CUST0060,2026-08-09,2039.57
CUST0027,2026-08-09,996.25
CUST0066,2026-08-04,1336.04
CUST0026,2026-07-30,2114.01
CUST0117,2026-08-06,2614.53
CUST0046,2026-08-14,2696.68
CUST0481,2026-05-22,375.85
CUST0195,2026-03-19,472.02
CUST0213,2026-04-27,870.34
CUST0342,2026-08-07,558.82
CUST0078,2026-08-02,1127.8
CUST0060,2026-07-28,2711.58
CUST0400,2026-08-04,146.36
CUST0235,2026-03-01,557.31
CUST0008,2026-07-27,2077.51
CUST0273,2026-08-03,281.49
CUST0082,2026-08-09,2304.26
CUST0024,2026-08-13,2723.5
CUST0077,2026-07-27,1519.25
CUST0274,2026-08-04,462.69
CUST0105,2026-08-10,2770.6
CUST0099,2026-08-14,1370.54
CUST0105,2026-08-07,2447.02
CUST0234,2026-04-25,1190.55
CUST0217,2026-02-26,740.13
CUST0277,2026-08-01,224.4
CUST0091,2026-08-08,2885.84
CUST0432,2026-07-02,114.42
CUST0220,2026-02-28,789.91
CUST0089,2026-08-02,2803.69
CUST0054,2026-08-04,2488.99
CUST0260,2026-08-05,355.29
CUST0232,2026-03-12,644.51
CUST0046,2026-08-14,1698.6
CUST0048,2026-07-30,2080.78
CUST0139,2026-05-05,1083.47
CUST0005,2026-08-07,1688.44
CUST0142,2026-02-02,778.42
CUST0092,2026-08-10,2679.1
CUST0437,2026-05-17,395.03
CUST0004,2026-08-03,969.36
CUST0119,2026-07-30,867.89
CUST0070,2026-08-03,826.67
CUST0109,2026-07-31,2500.43
CUST0182,2026-04-01,313.66
CUST0164,2026-01-28,580.52
CUST0023,2026-08-06,2491.62
CUST0061,2026-08-03,2609.27
CUST0159,2026-02-23,494.6
CUST0117,2026-08-12,2927.06
CUST0046,2026-08-07,2768.83
CUST0111,2026-08-01,2818.47
CUST0165,2026-03-22,943.67
CUST0482,2026-07-12,99.99
CUST0202,2026-03-27,580.72
CUST0075,2026-07-29,1269.73
CUST0182,2026-05-08,594.12
CUST0069,2026-08-11,2153.48
CUST0043,2026-08-04,2180.51
CUST0310,2026-08-07,103.49
CUST0069,2026-08-09,1303.57
CUST0171,2026-02-14,937.31
CUST0145,2026-03-30,635.92
CUST0193,2026-04-16,690.39
CUST0436,2026-06-24,383.23
CUST0275,2026-08-14,303.89
CUST0116,2026-08-09,2767.01
CUST0009,2026-08-02,2097.72
CUST0171,2026-05-16,984.38
CUST0219,2026-04-28,886.71
CUST0051,2026-08-03,2465.53
CUST0128,2026-03-16,620.37
CUST0024,2026-08-05,1328.32
CUST0076,2026-08-09,2069.78
CUST0018,2026-08-14,978.97
CUST0171,2026-02-06,719.67
CUST0067,2026-08-03,1637.37
CUST0068,2026-08-03,1608.58
CUST0008,2026-07-29,1153.78
CUST0118,2026-08-09,2671.04
CUST0017,2026-07-27,2061.56
CUST0132,2026-02-15,897.8
CUST0102,2026-08-13,1786.3
CUST0203,2026-05-11,405.55
CUST0069,2026-08-12,1959.49
CUST0082,2026-08-14,1866.33
CUST0246,2026-05-02,599.5
CUST0136,2026-04-19,713.27
CUST0203,2026-02-01,1014.44
CUST0109,2026-08-06,2494.35
CUST0057,2026-08-03,1115.79
CUST0030,2026-08-13,946.29
CUST0120,2026-08-12,2175.06
CUST0417,2026-04-02,251.88
CUST0210,2026-03-22,1168.77
CUST0045,2026-08-08,2874.01
CUST0094,2026-08-01,2449.67
CUST0071,2026-07-31,2422.19
CUST0164,2026-02-20,388.72
CUST0402,2026-07-05,70.06
CUST0010,2026-08-15,1497.23
CUST0226,2026-05-02,802.52
CUST0421,2026-06-03,130.98
CUST0051,2026-08-10,1441.66
CUST0204,2026-02-11,1065.52
CUST0028,2026-08-14,2024.88
CUST0090,2026-08-07,1526.9
CUST0443,2026-05-07,295.28
CUST0002,2026-08-12,2115.38
CUST0239,2026-02-08,425.99
CUST0176,2026-03-25,378.79
CUST0077,2026-08-09,1858.14
CUST0086,2026-08-11,2031.46
CUST0106,2026-08-04,2285.31
CUST0078,2026-08-12,1937.99
CUST0013,2026-08-06,2888.12
CUST0226,2026-03-01,433.52
CUST0013,2026-07-31,2213.32
CUST0032,2026-08-14,826.85
CUST0012,2026-07-31,1202.31
CUST0095,2026-08-14,1965.98
CUST0003,2026-08-14,1009.9
CUST0006,2026-08-10,2330.79
CUST0117,2026-08-09,1469.24
CUST0116,2026-07-27,1894.59
CUST0067,2026-08-07,1921.39
CUST0021,2026-08-10,2808.96
CUST0259,2026-08-09,350.29
CUST0046,2026-08-01,811.18
CUST0053,2026-07-29,932.77
CUST0020,2026-08-13,2782.55
CUST0254,2026-08-01,233.71
CUST0101,2026-08-01,2481.96
CUST0153,2026-05-15,862.15
CUST0090,2026-08-11,1355.08
CUST0236,2026-02-25,1017.76
CUST0368,2026-08-15,322.43
CUST0011,2026-07-31,911.69
CUST0302,2026-08-15,322.09
CUST0220,2026-04-10,770.89
CUST0224,2026-03-22,841.63
CUST0108,2026-08-10,2218.63
CUST0184,2026-04-17,347.49
CUST0080,2026-08-09,1892.21
CUST0010,2026-07-27,1447.79
CUST0052,2026-07-29,2607.17
CUST0063,2026-08-09,2268.61
CUST0063,2026-07-29,2486.64
CUST0051,2026-07-31,1861.18
CUST0468,2026-06-03,129.62
CUST0036,2026-08-13,1334.98
CUST0110,2026-08-07,2862.23
CUST0101,2026-07-28,1817.89
CUST0216,2026-05-17,583.43
CUST0033,2026-08-05,2850.66
CUST0196,2026-03-21,606.49
CUST0194,2026-02-11,1169.17
CUST0139,2026-05-05,652.67
CUST0209,2026-04-14,465.11
CUST0017,2026-07-27,2279.54
CUST0236,2026-05-12,955.79
CUST0089,2026-08-02,1280.58
CUST0042,2026-08-04,2059.34
CUST0059,2026-08-15,1695.2
CUST0092,2026-07-30,1281.95
CUST0189,2026-04-28,795.6
CUST0012,2026-08-11,2145.79
CUST0042,2026-08-03,2176.96
CUST0133,2026-03-11,1132.1
CUST0215,2026-02-28,1102.08
CUST0051,2026-07-29,1855.87
CUST0196,2026-02-01,375.71
CUST0103,2026-07-30,1901.37
CUST0145,2026-02-11,307.53
CUST0113,2026-08-15,1808.12
CUST0080,2026-08-06,2862.18
CUST0036,2026-08-08,859.61
CUST0253,2026-08-10,420.78
CUST0428,2026-05-02,77.9
CUST0024,2026-07-28,1981.98
CUST0281,2026-08-04,363.78
CUST0011,2026-07-28,1824.32
CUST0091,2026-08-12,1645.92
CUST0046,2026-08-07,1523.91
CUST0119,2026-07-28,2520.78
CUST0032,2026-08-11,2618.96
CUST0021,2026-07-29,2013.49
CUST0447,2026-07-13,371.48
CUST0115,2026-08-03,2943.62
CUST0269,2026-08-06,374.45
CUST0112,2026-08-05,2283.57
CUST0243,2026-04-29,863.11
CUST0191,2026-02-15,1116.52
CUST0214,2026-02-09,586.44
CUST0051,2026-07-30,825.57
CUST0254,2026-08-13,493.99
CUST0500,2026-07-02,61.34
CUST0081,2026-08-01,2740.7
CUST0187,2026-04-25,778.41
CUST0144,2026-03-22,1183.54
CUST0012,2026-08-15,1181.25
CUST0369,2026-08-06,376.78
CUST0166,2026-02-28,784.22
CUST0049,2026-08-14,2500.21
CUST0229,2026-03-13,1043.34
CUST0304,2026-08-14,533.02
CUST0201,2026-02-20,1022.57
CUST0068,2026-08-02,1106.24
CUST0028,2026-08-08,1848.56
CUST0388,2026-08-12,309.15
CUST0143,2026-03-31,487.16
CUST0097,2026-08-05,1484.68
CUST0027,2026-07-28,1633.3
CUST0462,2026-04-22,291.19
CUST0470,2026-04-12,219.83
CUST0098,2026-08-13,2920.84
CUST0202,2026-02-28,1043.46
CUST0221,2026-02-19,1131.7
CUST0038,2026-07-30,1391.09
CUST0121,2026-02-24,865.19
CUST0016,2026-08-03,2427.8
CUST0189,2026-03-08,529.8
CUST0236,2026-03-31,403.28
CUST0017,2026-08-05,2352.83
CUST0028,2026-08-10,2271.02
CUST0231,2026-05-03,862.8
CUST0147,2026-02-27,369.27
CUST0160,2026-02-12,1176.04
CUST0197,2026-02-08,842.2
CUST0075,2026-08-04,918.49
CUST0031,2026-07-27,2546.86
CUST0158,2026-03-30,549.31
CUST0192,2026-02-13,786.27
CUST0050,2026-08-01,1859.35
CUST0043,2026-08-04,2964.98
CUST0226,2026-03-20,634.39
CUST0173,2026-03-22,694.36
CUST0001,2026-08-10,801.71
CUST0359,2026-08-09,241.18
CUST0118,2026-08-14,2333.86
CUST0055,2026-08-01,1316.28
CUST0031,2026-08-10,1980.26
CUST0204,2026-05-08,684.74
CUST0046,2026-07-31,2303.17
CUST0398,2026-08-06,433.46
CUST0015,2026-08-06,851.2
CUST0022,2026-08-11,2397.47
CUST0017,2026-08-09,1737.4
CUST0364,2026-08-05,127.26
CUST0385,2026-08-15,519.55
CUST0007,2026-07-29,2834.33
CUST0101,2026-07-31,1006.08
CUST0248,2026-05-05,907.4
CUST0118,2026-08-06,2360.51
CUST0109,2026-08-10,1758.12
CUST0079,2026-07-28,1370.45
CUST0132,2026-02-22,444.42
CUST0423,2026-04-14,218.71
CUST0250,2026-03-19,542.25
CUST0120,2026-07-31,2697.81
CUST0102,2026-07-29,2289.01
CUST0008,2026-08-13,2683.91
CUST0077,2026-08-03,1004.58
CUST0117,2026-07-28,914.18
CUST0074,2026-08-14,2268.17
CUST0099,2026-08-11,1139.12
CUST0091,2026-08-04,2891.17
CUST0052,2026-08-09,1091.97
CUST0017,2026-08-11,2421.48
CUST0245,2026-03-09,853.88
CUST0164,2026-04-04,546.28
CUST0117,2026-08-10,920.2
CUST0219,2026-03-07,1167.13
CUST0063,2026-08-03,2123.55
CUST0181,2026-02-10,405.23
CUST0125,2026-03-09,581.62
CUST0077,2026-08-04,2440.61
CUST0035,2026-08-14,1975.8
CUST0107,2026-08-15,2551.73
CUST0096,2026-08-04,2816.6
CUST0094,2026-07-27,2780.71
CUST0047,2026-08-03,1387.46
CUST0206,2026-05-06,436.6
CUST0101,2026-07-27,1826.92
CUST0016,2026-07-30,1975.52
CUST0001,2026-08-01,2160.45
CUST0446,2026-04-15,185.53
CUST0032,2026-08-12,2375.59
CUST0149,2026-02-19,379.55
CUST0244,2026-03-17,877.88
CUST0284,2026-08-03,307.93
CUST0133,2026-01-29,577.02
CUST0377,2026-08-12,193.21
CUST0095,2026-08-09,2722.14
CUST0118,2026-08-15,2358.68
CUST0038,2026-08-06,1108.04
CUST0046,2026-08-07,897.63
CUST0421,2026-04-21,318.31
CUST0101,2026-07-27,2699.8
CUST0095,2026-08-07,2222.19
CUST0286,2026-08-03,333.99
CUST0039,2026-08-09,2142.89
CUST0097,2026-07-27,2076.49
CUST0044,2026-08-01,1645.52
CUST0343,2026-08-06,412.72
CUST0411,2026-07-16,303.64
CUST0219,2026-02-15,698.73
CUST0084,2026-08-07,2070.71
CUST0106,2026-08-10,1630.1
CUST0107,2026-08-14,1266.39
CUST0169,2026-05-08,630.65
CUST0187,2026-03-09,888.74
CUST0448,2026-04-21,182.02
CUST0028,2026-08-05,993.35
CUST0054,2026-08-01,1318.74
CUST0246,2026-05-14,884.44
CUST0119,2026-08-15,1486.36
CUST0020,2026-07-31,2758.58
CUST0373,2026-08-10,411.61
CUST0076,2026-07-28,1133.45
CUST0359,2026-08-06,367.28
CUST0243,2026-02-15,839.37
CUST0131,2026-04-08,698.29
CUST0226,2026-04-11,372.55
CUST0071,2026-08-06,2527.04
CUST0110,2026-08-01,2034.85
CUST0056,2026-08-11,1027.28
CUST0336,2026-08-06,467.35
CUST0457,2026-06-25,77.12
CUST0035,2026-08-08,1904.83
CUST0035,2026-07-29,1446.9
CUST0200,2026-05-03,655.12
CUST0063,2026-08-06,1793.89
CUST0029,2026-08-07,2472.5
CUST0062,2026-07-27,2274.21
CUST0070,2026-08-06,2298.14
CUST0231,2026-02-15,519.75
CUST0057,2026-08-01,1947.81
CUST0059,2026-08-10,1519.47
CUST0104,2026-07-31,1852.17
CUST0056,2026-08-04,2354.91
CUST0179,2026-04-28,978.48
CUST0410,2026-04-14,376.5
CUST0159,2026-03-17,837.1
CUST0121,2026-03-20,620.27
CUST0263,2026-08-13,572.87
CUST0210,2026-04-28,734.44
CUST0493,2026-06-08,191.98
CUST0234,2026-03-10,1154.08
CUST0041,2026-08-07,2876.93
CUST0111,2026-08-14,1332.17
CUST0103,2026-08-12,1695.63
CUST0087,2026-07-27,2791.79
CUST0137,2026-04-12,406.57
CUST0182,2026-02-15,1085.72
CUST0228,2026-02-06,309.44
CUST0084,2026-07-29,1005.5
CUST0112,2026-08-10,1218.24
CUST0053,2026-07-27,1546.79
CUST0439,2026-04-11,80.35
CUST0224,2026-04-10,709.84
CUST0173,2026-04-16,344.65
CUST0227,2026-02-06,680.39
CUST0154,2026-03-18,650.31
CUST0066,2026-07-31,1700.85
CUST0033,2026-08-07,1733.09
CUST0286,2026-08-03,492.53
CUST0018,2026-07-30,2883.95
CUST0073,2026-08-10,981.76
CUST0008,2026-07-31,1023.24
CUST0350,2026-08-01,154.93
CUST0012,2026-08-06,1510.5
CUST0022,2026-08-12,1303.01
CUST0019,2026-08-01,2760.51
CUST0167,2026-05-05,1190.51
CUST0123,2026-02-16,767.73
CUST0096,2026-08-05,1745.85
CUST0201,2026-04-18,652.72
CUST0218,2026-04-28,978.12
CUST0056,2026-08-07,1747.95
CUST0104,2026-08-14,1418.21
CUST0216,2026-02-08,1102.19
CUST0370,2026-08-08,270.92
CUST0105,2026-08-05,2618.77
CUST0296,2026-08-08,253.85
CUST0091,2026-08-15,855.31
CUST0061,2026-08-05,2482.74
CUST0225,2026-03-06,388.73
CUST0035,2026-07-31,2042.65
CUST0059,2026-08-14,2998.71
CUST0107,2026-08-02,2495.72
CUST0012,2026-08-04,2923.55
CUST0478,2026-03-19,362.66
CUST0120,2026-08-15,1479.44
CUST0051,2026-07-29,2297.0
CUST0246,2026-05-09,577.92
CUST0131,2026-03-25,325.48
CUST0018,2026-08-03,2457.43
CUST0179,2026-05-08,459.47
CUST0227,2026-02-17,459.44
CUST0167,2026-05-09,1146.38
CUST0008,2026-08-14,2991.76
CUST0024,2026-07-31,1134.19
CUST0121,2026-03-22,1090.19
CUST0077,2026-08-01,1786.94
CUST0210,2026-02-04,750.25
CUST0065,2026-08-08,2736.17
CUST0020,2026-08-08,1173.3
CUST0059,2026-08-03,1435.11
CUST0217,2026-02-23,913.97
CUST0014,2026-08-05,1230.74
CUST0139,2026-03-29,594.8
CUST0074,2026-08-08,2174.26
CUST0159,2026-02-27,1076.7
CUST0013,2026-08-11,1843.18
CUST0214,2026-02-03,559.43
CUST0027,2026-08-13,1673.76
CUST0078,2026-07-31,1621.62
CUST0229,2026-04-30,839.52
CUST0079,2026-08-05,2427.97
CUST0050,2026-08-04,1841.06
CUST0036,2026-08-02,2626.48
CUST0188,2026-05-03,851.52
CUST0065,2026-08-12,988.45
CUST0210,2026-04-21,870.07
CUST0242,2026-04-27,961.52
CUST0176,2026-04-27,1165.34
CUST0248,2026-03-06,984.0
CUST0329,2026-08-14,183.78
CUST0055,2026-08-06,961.69
CUST0227,2026-03-08,910.64
CUST0382,2026-08-02,226.09
CUST0153,2026-03-18,874.49
CUST0062,2026-08-01,1335.66
CUST0156,2026-03-03,338.11
CUST0062,2026-08-08,1484.88
CUST0185,2026-03-17,1025.14
CUST0118,2026-08-11,1025.54
CUST0019,2026-08-03,1322.51
CUST0143,2026-03-03,463.55
CUST0083,2026-08-09,2718.7
CUST0339,2026-08-09,410.12
CUST0047,2026-08-03,2157.24
CUST0027,2026-08-07,1896.57
CUST0021,2026-08-14,881.01
CUST0182,2026-02-03,891.33
CUST0208,2026-03-22,1064.5
CUST0049,2026-08-01,1723.4
CUST0163,2026-02-11,1177.84
CUST0337,2026-08-03,526.46
CUST0273,2026-08-01,452.82
CUST0250,2026-03-17,1005.05
CUST0136,2026-02-20,461.33
CUST0224,2026-04-26,421.82
CUST0067,2026-08-09,1470.29
CUST0168,2026-03-17,1112.97
CUST0034,2026-08-05,2830.51
CUST0047,2026-08-10,1216.29
CUST0090,2026-08-15,2422.64
CUST0417,2026-05-26,182.3
CUST0251,2026-08-07,261.87
CUST0083,2026-08-01,1250.74
CUST0116,2026-08-02,1255.57
CUST0301,2026-08-08,412.33
CUST0041,2026-07-31,1053.62
CUST0138,2026-04-01,978.24
CUST0177,2026-04-20,534.94
CUST0020,2026-07-29,1385.06
CUST0092,2026-08-05,2656.63
CUST0145,2026-01-31,1048.23
CUST0027,2026-08-14,1337.58
CUST0016,2026-08-09,2077.2
CUST0047,2026-08-15,1146.15
CUST0386,2026-08-05,569.36
CUST0161,2026-04-29,796.69
CUST0112,2026-08-02,967.73
CUST0084,2026-08-11,2921.85
CUST0135,2026-05-13,909.25
CUST0112,2026-08-02,1752.2
CUST0004,2026-07-28,1154.69
CUST0112,2026-07-31,2200.39
CUST0197,2026-04-07,347.15
CUST0042,2026-08-03,1963.66
CUST0179,2026-03-21,1147.38
CUST0017,2026-08-06,2641.32
CUST0241,2026-02-03,414.81
CUST0131,2026-01-31,1142.65
CUST0065,2026-08-14,2273.13
CUST0441,2026-04-10,313.0
CUST0139,2026-04-09,428.56
CUST0079,2026-08-05,853.22
CUST0388,2026-08-13,270.82
CUST0164,2026-02-15,855.5
CUST0081,2026-08-11,2043.73
CUST0053,2026-08-03,2154.63
CUST0032,2026-08-06,1553.55
CUST0005,2026-08-01,1170.24
CUST0077,2026-08-10,2728.63
CUST0186,2026-03-01,1121.6
CUST0127,2026-04-13,1101.05
CUST0214,2026-04-21,661.82
CUST0088,2026-08-13,2478.94
CUST0249,2026-05-05,685.37
CUST0079,2026-08-01,1060.34
CUST0196,2026-02-10,687.89
CUST0047,2026-08-06,1083.51
CUST0064,2026-07-30,1192.58
CUST0098,2026-08-06,1669.96
CUST0064,2026-08-06,1365.14
CUST0420,2026-03-21,278.83
CUST0395,2026-08-11,159.55
CUST0117,2026-08-11,2367.77
CUST0172,2026-05-05,906.96
CUST0175,2026-04-08,1136.23
CUST0104,2026-08-03,2127.68
CUST0021,2026-08-15,830.08
CUST0114,2026-08-14,1932.3
CUST0196,2026-04-01,677.86
CUST0112,2026-08-10,2169.16
CUST0090,2026-08-11,2117.75
CUST0497,2026-05-21,283.8
CUST0042,2026-08-13,2331.84
CUST0063,2026-08-06,2780.05
CUST0070,2026-08-12,1617.1
CUST0046,2026-08-07,1660.57
CUST0070,2026-08-11,824.27
CUST0061,2026-08-08,1941.98
CUST0188,2026-05-11,675.9
CUST0490,2026-05-05,54.97
CUST0338,2026-08-14,481.76
CUST0033,2026-08-15,2713.77
CUST0038,2026-08-04,1254.13
CUST0005,2026-08-14,1905.89
CUST0156,2026-05-13,348.95
CUST0049,2026-08-01,2548.58
CUST0040,2026-07-28,2109.17
CUST0110,2026-08-08,2199.1
CUST0077,2026-08-10,1707.77
CUST0217,2026-04-19,925.19
CUST0049,2026-08-04,868.87
CUST0223,2026-03-12,706.57
CUST0477,2026-06-07,199.92
CUST0348,2026-08-08,393.26
CUST0123,2026-04-20,663.24
CUST0048,2026-08-10,1423.35
CUST0093,2026-08-07,865.27
CUST0112,2026-08-04,2913.38
CUST0093,2026-07-30,1050.44
CUST0036,2026-08-02,1444.93
CUST0159,2026-03-24,1094.62
CUST0082,2026-07-30,1995.78
CUST0247,2026-02-12,419.64
CUST0080,2026-08-09,1343.35
CUST0033,2026-08-02,1318.99
CUST0383,2026-08-04,161.72
CUST0127,2026-04-07,517.82
CUST0065,2026-08-09,2499.77
CUST0315,2026-08-03,537.95
CUST0012,2026-08-11,1205.53
CUST0004,2026-08-10,1804.38
CUST0047,2026-08-10,1946.77
CUST0040,2026-07-29,2558.71
CUST0129,2026-03-16,789.83
CUST0004,2026-08-07,2363.46
CUST0245,2026-04-25,686.71
CUST0457,2026-05-19,193.76
CUST0065,2026-08-15,2110.65
CUST0075,2026-08-08,2446.02
CUST0004,2026-08-02,1886.35
CUST0054,2026-07-29,2707.47
CUST0087,2026-08-05,2232.52
CUST0238,2026-01-28,1165.45
CUST0203,2026-04-14,327.02
CUST0086,2026-08-11,2941.61
CUST0048,2026-08-14,1552.12
CUST0109,2026-08-09,1565.81
CUST0186,2026-05-05,713.21
CUST0109,2026-08-05,2730.82
CUST0455,2026-04-20,254.16
CUST0002,2026-08-10,1257.47
CUST0144,2026-04-03,1190.3
CUST0017,2026-08-01,983.23
CUST0095,2026-08-08,2604.03
CUST0021,2026-07-30,1628.83
CUST0210,2026-04-19,1025.38
CUST0092,2026-08-10,956.05
CUST0073,2026-08-11,905.23
CUST0118,2026-08-08,2254.23
CUST0197,2026-05-11,421.91
CUST0028,2026-08-11,2961.23
CUST0141,2026-05-15,804.61
CUST0115,2026-08-15,1221.5
CUST0384,2026-08-09,221.18
CUST0237,2026-03-02,552.54
CUST0270,2026-08-01,460.19
CUST0219,2026-04-05,476.62
CUST0123,2026-05-12,793.01
CUST0148,2026-03-12,1145.16
CUST0098,2026-08-11,1842.81
CUST0276,2026-08-10,274.9
CUST0023,2026-08-01,2526.27
CUST0212,2026-05-02,496.1
CUST0018,2026-07-28,2509.72
CUST0142,2026-04-19,465.1
CUST0045,2026-07-28,1927.91
CUST0107,2026-07-31,1647.26
CUST0106,2026-08-15,2846.38
CUST0108,2026-08-08,1829.94
CUST0103,2026-07-31,2299.85
CUST0125,2026-03-14,405.36
CUST0027,2026-08-08,1749.65
CUST0355,2026-08-08,371.99
CUST0091,2026-07-30,942.31
CUST0027,2026-08-14,2027.03
CUST0170,2026-05-03,479.55
CUST0092,2026-08-03,1860.49
CUST0049,2026-08-05,2607.33
CUST0078,2026-08-14,2118.61
CUST0356,2026-08-07,222.78
CUST0050,2026-08-11,2964.75
CUST0157,2026-04-05,708.22
CUST0325,2026-08-08,206.14
CUST0092,2026-07-29,1596.08
CUST0233,2026-02-18,414.25
CUST0049,2026-08-12,1737.6
CUST0145,2026-03-18,393.31
CUST0082,2026-08-15,1951.46
CUST0128,2026-03-31,1120.05
CUST0080,2026-07-27,2245.3
CUST0041,2026-07-30,2249.32
CUST0489,2026-06-28,381.93
CUST0113,2026-07-30,2912.3
CUST0222,2026-05-07,633.02
CUST0110,2026-08-04,2163.42
CUST0081,2026-08-07,848.48
CUST0061,2026-08-13,1993.2
CUST0059,2026-08-05,2732.73
CUST0320,2026-08-13,263.14
CUST0442,2026-06-09,146.45
CUST0059,2026-08-10,1763.98
CUST0213,2026-05-02,1112.43
CUST0194,2026-05-07,941.56
CUST0216,2026-04-09,1188.6
CUST0054,2026-07-28,2296.5
CUST0061,2026-08-10,2811.32
CUST0327,2026-08-01,539.21
CUST0418,2026-06-24,62.76
CUST0009,2026-08-14,1570.17
CUST0095,2026-07-27,2203.33
CUST0146,2026-03-17,1022.7
CUST0107,2026-08-07,1847.13
CUST0047,2026-08-11,2737.92
CUST0031,2026-08-08,2326.18
CUST0366,2026-08-11,536.31
CUST0081,2026-08-05,2919.47
CUST0083,2026-08-13,1032.04
CUST0118,2026-07-27,2190.75
CUST0038,2026-07-30,1866.51
CUST0412,2026-04-22,167.71
CUST0025,2026-08-02,1526.22
CUST0027,2026-08-09,1508.57
CUST0228,2026-02-04,642.86
CUST0206,2026-04-24,760.47
CUST0059,2026-08-10,1499.85
CUST0221,2026-02-05,800.82
CUST0023,2026-07-28,2786.93
CUST0109,2026-08-08,1089.34
CUST0085,2026-08-05,2963.75
CUST0023,2026-08-14,1566.16
CUST0246,2026-02-01,995.4
CUST0143,2026-02-03,313.96
CUST0191,2026-05-10,752.18
CUST0050,2026-07-30,1000.56
CUST0229,2026-02-12,1038.44
CUST0017,2026-08-11,1445.06
CUST0120,2026-08-08,1351.03
CUST0088,2026-07-28,2795.83
CUST0488,2026-05-05,52.16
CUST0034,2026-07-28,1346.1
CUST0109,2026-08-15,2425.86
CUST0117,2026-08-12,2432.17
CUST0202,2026-03-06,506.99
CUST0006,2026-08-10,1677.41
CUST0465,2026-06-26,151.81
CUST0058,2026-07-30,866.85
CUST0070,2026-08-09,2161.69
CUST0072,2026-07-30,946.63
CUST0063,2026-07-29,1136.56
CUST0099,2026-07-28,1583.61
CUST0047,2026-08-05,1302.98
CUST0222,2026-01-31,1172.39
CUST0222,2026-05-14,656.34
CUST0021,2026-07-27,2126.12
CUST0462,2026-03-25,352.04
CUST0093,2026-08-03,2625.09
CUST0220,2026-03-20,422.12
CUST0022,2026-08-14,1587.96
CUST0491,2026-05-09,398.4
CUST0141,2026-04-20,927.55
CUST0149,2026-05-11,538.17
CUST0046,2026-07-29,978.3
CUST0173,2026-03-25,1196.76
CUST0069,2026-07-27,1766.93
CUST0092,2026-08-08,1325.48
CUST0121,2026-05-12,600.64
CUST0182,2026-01-29,368.09
CUST0176,2026-05-01,888.05
CUST0062,2026-08-14,1399.77
CUST0234,2026-04-07,449.47
CUST0075,2026-08-02,2508.18
CUST0113,2026-07-30,1157.94
CUST0002,2026-08-07,835.13
CUST0139,2026-04-14,319.93
CUST0156,2026-02-25,399.06
CUST0191,2026-04-05,536.11
CUST0092,2026-08-15,1545.49
CUST0114,2026-07-27,999.59
CUST0106,2026-08-05,2891.7
CUST0120,2026-08-06,2579.34
CUST0167,2026-02-17,475.65
CUST0102,2026-08-09,897.16
CUST0241,2026-04-25,572.55
CUST0028,2026-07-28,840.13
CUST0081,2026-08-06,2621.31
CUST0232,2026-02-23,726.99
CUST0116,2026-08-13,1009.12
CUST0027,2026-08-04,1313.08
CUST0074,2026-08-03,2081.33
CUST0113,2026-07-29,2497.58
CUST0130,2026-05-12,1019.75
CUST0099,2026-08-07,2964.83
CUST0155,2026-05-13,1196.07
CUST0080,2026-08-12,2484.13
CUST0117,2026-07-27,1306.92
CUST0006,2026-07-31,2556.36
CUST0179,2026-03-23,835.69
CUST0050,2026-08-04,871.56
CUST0076,2026-08-08,1342.69
CUST0009,2026-07-30,2988.01
CUST0151,2026-02-11,906.83
CUST0104,2026-08-02,1818.98
CUST0067,2026-08-12,2721.34
CUST0145,2026-03-31,359.82
CUST0023,2026-08-11,2552.24
CUST0029,2026-08-10,1706.05
CUST0171,2026-03-20,830.95
CUST0083,2026-08-01,2735.08
CUST0032,2026-08-01,1433.45
CUST0037,2026-08-04,1282.92
CUST0144,2026-05-14,717.81
CUST0229,2026-04-10,494.7
CUST0197,2026-04-27,1153.43
CUST0093,2026-08-11,1426.04
CUST0107,2026-08-07,915.18
CUST0021,2026-07-29,2972.01
CUST0037,2026-08-05,1370.73
CUST0089,2026-07-27,1462.78
CUST0052,2026-08-15,2613.93
CUST0428,2026-05-01,351.23
CUST0084,2026-08-03,2793.52
CUST0088,2026-08-14,1783.52
CUST0264,2026-08-03,452.52
CUST0181,2026-05-17,696.05
CUST0079,2026-07-31,1246.46
CUST0009,2026-08-15,1993.59
CUST0268,2026-08-10,144.08
CUST0100,2026-07-28,1163.53
CUST0021,2026-08-11,2999.38
CUST0397,2026-08-11,474.01
CUST0301,2026-08-08,501.2
CUST0168,2026-02-15,448.77
CUST0141,2026-01-31,919.77
CUST0192,2026-04-30,338.75
CUST0341,2026-08-03,173.01
CUST0374,2026-08-03,472.41
CUST0023,2026-08-10,1792.0
CUST0148,2026-03-17,1016.62
CUST0170,2026-02-23,524.7
CUST0109,2026-08-01,2286.28
CUST0044,2026-08-11,2529.96
CUST0151,2026-04-28,1112.78
CUST0248,2026-05-16,912.43
CUST0272,2026-08-02,301.11
CUST0105,2026-08-14,1489.37
CUST0167,2026-04-04,918.34
CUST0064,2026-08-15,1276.83
CUST0103,2026-08-14,813.4
CUST0021,2026-08-10,2889.56
CUST0048,2026-08-03,2515.66
CUST0077,2026-08-08,1192.42
CUST0022,2026-08-07,1084.15
CUST0199,2026-03-07,1113.82
CUST0023,2026-08-14,1571.29
CUST0340,2026-08-13,413.83
CUST0144,2026-03-20,935.97
CUST0005,2026-08-13,815.29
CUST0200,2026-04-25,490.01
CUST0067,2026-08-13,1673.36
CUST0137,2026-03-01,450.24
CUST0132,2026-05-17,1131.62
CUST0232,2026-05-09,802.09
CUST0017,2026-07-30,1022.47
CUST0038,2026-08-11,840.46
CUST0288,2026-08-15,168.68
CUST0101,2026-08-15,2037.97
CUST0400,2026-08-14,126.41
CUST0230,2026-03-30,814.45
CUST0075,2026-08-01,1002.12
CUST0063,2026-08-11,1464.53
CUST0229,2026-02-14,361.3
CUST0029,2026-08-12,1505.41
CUST0126,2026-04-12,953.15
CUST0184,2026-02-12,1003.85
CUST0140,2026-05-01,1071.58
CUST0158,2026-04-08,507.72
CUST0291,2026-08-08,339.35
CUST0056,2026-08-04,1782.01
CUST0008,2026-07-27,1965.23
CUST0131,2026-03-16,563.14
CUST0066,2026-08-13,1218.71
CUST0068,2026-08-07,2615.44
CUST0134,2026-05-12,798.03
CUST0040,2026-08-09,967.05
CUST0048,2026-07-30,2496.17
CUST0013,2026-08-06,2176.89
CUST0088,2026-08-03,2777.46
CUST0131,2026-05-07,838.96
CUST0069,2026-07-27,1182.26
CUST0222,2026-03-25,598.22
CUST0210,2026-05-08,792.03
CUST0132,2026-02-28,552.93
CUST0480,2026-03-31,186.22
CUST0366,2026-08-06,559.6
CUST0046,2026-07-29,1889.32
CUST0168,2026-01-29,1156.3
CUST0011,2026-08-14,1006.76
CUST0096,2026-08-04,1449.09
CUST0492,2026-03-21,238.38
CUST0055,2026-08-11,2679.65
CUST0414,2026-03-19,112.86
CUST0118,2026-08-09,1815.78
CUST0345,2026-08-09,512.4
CUST0002,2026-07-30,1369.32
CUST0124,2026-02-05,361.5
CUST0012,2026-08-09,987.76
CUST0065,2026-08-12,1773.3
CUST0067,2026-08-13,1181.75
CUST0213,2026-02-20,800.92
CUST0204,2026-03-13,690.93
CUST0033,2026-08-07,1051.39
CUST0463,2026-04-13,355.9
CUST0056,2026-07-27,1393.45
CUST0069,2026-08-01,2964.09
CUST0483,2026-05-31,148.89
CUST0183,2026-05-16,964.98
CUST0024,2026-08-10,1883.76
CUST0041,2026-07-29,2439.14
CUST0178,2026-03-16,1186.36
CUST0109,2026-08-01,1526.53
CUST0023,2026-08-06,2697.2
CUST0022,2026-07-28,1404.41
CUST0052,2026-08-06,1168.46
CUST0023,2026-08-06,2838.49
CUST0215,2026-02-15,529.03
CUST0056,2026-08-11,1973.73
CUST0133,2026-04-21,763.51
CUST0092,2026-08-06,2937.37
CUST0068,2026-07-31,2482.58
CUST0153,2026-04-10,315.43
CUST0223,2026-02-24,369.05
CUST0095,2026-08-13,1974.73
CUST0238,2026-04-05,1180.4
CUST0073,2026-08-02,2981.49
CUST0001,2026-08-04,1931.32
CUST0066,2026-08-01,1242.05
CUST0061,2026-08-10,2443.13
CUST0248,2026-02-18,436.7
CUST0039,2026-08-05,1205.62
CUST0227,2026-05-06,1045.79
CUST0031,2026-08-09,2060.93
CUST0133,2026-02-23,701.58
CUST0204,2026-05-17,416.26
CUST0413,2026-06-09,219.76
CUST0345,2026-08-10,277.98
CUST0318,2026-08-09,596.89
CUST0406,2026-07-05,221.43
CUST0029,2026-08-05,1840.97
CUST0355,2026-08-08,555.41
CUST0208,2026-03-02,895.03
CUST0200,2026-03-15,566.75
CUST0101,2026-07-29,1775.6
CUST0041,2026-08-13,2033.49
CUST0017,2026-08-12,2881.63
CUST0081,2026-08-04,1568.91
CUST0257,2026-08-09,528.62
CUST0001,2026-08-15,1469.33
CUST0119,2026-08-12,1645.58
CUST0024,2026-07-31,2209.92
CUST0033,2026-08-04,2806.08
CUST0100,2026-08-13,1131.15
CUST0008,2026-08-15,2212.47
CUST0103,2026-08-03,2884.91
CUST0011,2026-08-05,2359.6
CUST0009,2026-08-10,1664.81
CUST0471,2026-04-05,361.9
CUST0424,2026-07-05,373.62
CUST0089,2026-07-27,2959.96
CUST0204,2026-03-19,898.83
CUST0258,2026-08-08,148.75
CUST0102,2026-07-31,2603.56
CUST0008,2026-08-12,1321.95
CUST0105,2026-08-08,1397.1
CUST0103,2026-07-28,1949.67
CUST0189,2026-04-04,1033.2
CUST0389,2026-08-02,134.22
CUST0470,2026-05-09,52.5
CUST0118,2026-08-07,1787.39
CUST0419,2026-04-04,380.32
CUST0050,2026-08-04,1344.59
CUST0107,2026-07-30,1592.11
CUST0121,2026-02-10,793.97
CUST0045,2026-07-29,2331.25
CUST0104,2026-08-02,2609.58
CUST0067,2026-08-07,992.81
CUST0135,2026-03-22,311.93
CUST0102,2026-08-06,1095.76
CUST0279,2026-08-02,555.76
CUST0016,2026-07-27,2618.21
CUST0185,2026-04-27,970.66
CUST0347,2026-08-06,382.2
CUST0061,2026-08-14,1819.69
CUST0236,2026-03-12,1171.02
CUST0113,2026-08-12,1344.15
CUST0209,2026-02-18,1135.97
CUST0299,2026-08-09,117.8
CUST0331,2026-08-12,431.68
CUST0021,2026-08-11,858.01
CUST0005,2026-07-30,1358.61
CUST0141,2026-05-02,308.98
CUST0081,2026-08-09,990.13
CUST0030,2026-08-12,1495.63
CUST0045,2026-08-06,903.28
CUST0166,2026-03-31,792.51
CUST0167,2026-03-19,625.26
CUST0038,2026-08-09,1279.65
CUST0171,2026-02-16,336.05
CUST0200,2026-04-11,954.78
CUST0488,2026-05-08,167.21
CUST0351,2026-08-09,306.18
CUST0490,2026-06-05,379.83
CUST0094,2026-07-29,1003.03
CUST0133,2026-03-27,1085.37
CUST0015,2026-08-07,2050.74
CUST0055,2026-08-01,2104.42
CUST0113,2026-07-31,2950.08
CUST0040,2026-08-07,965.3
CUST0229,2026-03-11,617.79
CUST0067,2026-08-06,2709.72
CUST0029,2026-08-11,939.42
CUST0131,2026-05-11,350.56
CUST0312,2026-08-15,168.51
CUST0190,2026-05-05,778.49
CUST0029,2026-08-05,2864.35
CUST0015,2026-07-30,2242.59
CUST0078,2026-07-29,1617.13
CUST0045,2026-08-06,1933.55
CUST0039,2026-08-14,1672.63
CUST0174,2026-01-29,400.43
CUST0033,2026-08-15,839.84
CUST0081,2026-08-03,2676.8
CUST0016,2026-08-12,1618.44
CUST0037,2026-08-04,2627.44
CUST0100,2026-08-14,1875.58
CUST0484,2026-05-13,255.67
CUST0060,2026-08-09,812.67
CUST0293,2026-08-10,471.15
CUST0089,2026-07-31,2356.91
CUST0089,2026-08-02,2819.77
CUST0158,2026-04-28,328.57
CUST0100,2026-07-28,1091.22
CUST0437,2026-04-04,247.9
CUST0006,2026-08-11,2191.07
CUST0263,2026-08-10,529.25
CUST0200,2026-03-02,814.8
CUST0002,2026-08-01,2303.18
CUST0171,2026-05-05,992.5
CUST0237,2026-03-24,1004.18
CUST0161,2026-03-30,902.38
CUST0320,2026-08-13,417.45
CUST0160,2026-02-04,691.85
CUST0073,2026-07-28,1183.04
CUST0384,2026-08-14,111.04
CUST0066,2026-07-29,2533.38
CUST0082,2026-08-12,1719.58
CUST0011,2026-08-15,2621.31
CUST0207,2026-03-19,1148.76
CUST0067,2026-08-02,1058.83
CUST0499,2026-07-16,171.44
CUST0416,2026-05-21,209.89
CUST0235,2026-02-23,821.66
CUST0111,2026-08-15,2907.46
CUST0243,2026-02-08,354.81
CUST0146,2026-03-20,452.89
CUST0110,2026-08-08,2523.04
CUST0440,2026-05-24,272.09
CUST0035,2026-07-28,1261.79
CUST0154,2026-02-20,1135.36
CUST0005,2026-08-15,1327.04
CUST0453,2026-04-29,152.09
CUST0079,2026-08-10,2980.48
CUST0068,2026-08-15,2830.07
CUST0116,2026-08-13,1915.22
CUST0199,2026-04-05,1025.08
CUST0321,2026-08-15,510.63
CUST0029,2026-08-15,1105.41
CUST0071,2026-07-27,1385.24
CUST0130,2026-02-26,1128.69
CUST0221,2026-04-23,930.39
CUST0054,2026-08-01,1366.9
CUST0215,2026-02-23,809.17
CUST0051,2026-07-27,1561.24
CUST0337,2026-08-05,573.89
CUST0097,2026-08-10,2663.71
CUST0023,2026-08-01,1672.39
CUST0016,2026-08-11,1324.91
CUST0110,2026-08-06,1493.32
CUST0200,2026-03-05,896.52
CUST0486,2026-03-30,228.66
CUST0442,2026-04-30,84.73
CUST0067,2026-08-10,1150.47
CUST0135,2026-02-27,973.52
CUST0069,2026-08-10,800.73
CUST0125,2026-03-12,635.93
CUST0124,2026-04-09,454.9
CUST0014,2026-08-15,1808.16
CUST0134,2026-04-09,508.61
CUST0172,2026-03-24,881.94
CUST0095,2026-07-28,2106.05
CUST0036,2026-07-31,991.24
CUST0069,2026-08-03,2860.19
CUST0258,2026-08-12,173.35
CUST0021,2026-07-30,2644.32
CUST0074,2026-08-14,1081.81
CUST0108,2026-07-30,1073.61
CUST0154,2026-04-20,774.91
CUST0220,2026-04-29,920.38
CUST0043,2026-08-11,892.61
CUST0074,2026-07-27,1067.3
CUST0104,2026-08-01,2015.5
CUST0234,2026-01-28,766.71
CUST0045,2026-08-13,2617.65
CUST0122,2026-02-21,599.21
CUST0496,2026-05-05,145.08
CUST0101,2026-08-03,1766.13
CUST0172,2026-02-24,853.62
CUST0051,2026-08-14,2554.63
CUST0177,2026-04-10,1152.45
CUST0065,2026-08-10,2072.45
CUST0034,2026-08-14,2820.6
CUST0481,2026-05-20,220.59
CUST0125,2026-04-21,908.42
CUST0119,2026-08-15,2927.48
CUST0204,2026-04-17,920.18
CUST0308,2026-08-15,528.77
CUST0224,2026-01-28,1094.95
CUST0130,2026-04-11,899.82
CUST0306,2026-08-12,594.42
CUST0093,2026-08-02,1163.45
CUST0022,2026-08-04,2596.05
CUST0045,2026-08-07,2841.06
CUST0096,2026-08-04,2556.44
CUST0106,2026-07-30,2311.44
CUST0146,2026-02-08,904.04
CUST0230,2026-04-03,1037.65
CUST0204,2026-02-12,720.91
CUST0032,2026-08-10,1681.87
CUST0040,2026-07-30,1101.0
CUST0079,2026-08-12,1891.57
CUST0248,2026-04-28,654.2
CUST0240,2026-03-25,353.26
CUST0238,2026-04-03,502.19
CUST0010,2026-08-02,2926.64
CUST0363,2026-08-12,391.56
CUST0146,2026-03-15,941.91
CUST0032,2026-07-28,2326.69
CUST0295,2026-08-15,215.92
CUST0172,2026-03-06,721.5
CUST0117,2026-08-06,1241.23
CUST0103,2026-08-08,1678.02
CUST0042,2026-07-30,1984.48
CUST0175,2026-02-14,1070.84
CUST0110,2026-07-28,1123.32
CUST0311,2026-08-13,109.14
CUST0043,2026-07-29,1451.88
CUST0027,2026-08-11,1598.78
CUST0007,2026-07-27,2219.38
CUST0186,2026-05-01,1051.13
CUST0243,2026-04-08,415.74
CUST0087,2026-08-15,2641.49
CUST0401,2026-06-30,92.46
CUST0096,2026-08-12,1664.54
CUST0475,2026-06-30,321.07
CUST0125,2026-02-07,524.57
CUST0108,2026-08-15,2758.47
CUST0110,2026-08-01,931.38
CUST0053,2026-08-10,2156.53
CUST0240,2026-03-19,1194.67
CUST0027,2026-08-01,2085.24
CUST0118,2026-08-06,1860.11
CUST0219,2026-03-19,990.75
CUST0229,2026-04-05,713.4
CUST0193,2026-02-14,1123.55
CUST0085,2026-08-08,2766.78
CUST0142,2026-05-03,719.68
CUST0108,2026-08-02,1332.16
CUST0413,2026-05-16,54.2
CUST0403,2026-04-23,266.02
CUST0101,2026-08-12,1428.72
CUST0237,2026-04-13,592.43
CUST0034,2026-07-29,2259.78
CUST0068,2026-08-12,1097.37
CUST0089,2026-08-12,2729.93
CUST0096,2026-08-15,985.66
CUST0183,2026-05-07,779.06
CUST0003,2026-08-05,1237.45
CUST0073,2026-08-11,2009.16
CUST0372,2026-08-08,496.97
CUST0074,2026-07-29,1508.87
CUST0370,2026-08-15,315.43
CUST0164,2026-03-17,423.43
CUST0106,2026-08-01,2876.76
CUST0096,2026-08-08,2757.23
CUST0003,2026-08-15,2133.11
CUST0199,2026-04-21,938.49
CUST0012,2026-08-15,1773.17
CUST0102,2026-08-05,2718.51
CUST0055,2026-08-14,2687.57
CUST0472,2026-05-18,296.97
CUST0324,2026-08-04,320.04
CUST0155,2026-04-06,943.59
CUST0048,2026-08-12,1182.26
CUST0288,2026-08-06,123.03
CUST0335,2026-08-09,230.46
CUST0097,2026-08-06,2220.81
CUST0104,2026-08-03,2267.08
CUST0044,2026-08-03,2976.21
CUST0025,2026-08-01,1925.65
CUST0211,2026-03-03,435.62
CUST0067,2026-08-10,2822.66
CUST0220,2026-03-01,343.28
CUST0059,2026-07-31,2232.71
CUST0012,2026-08-03,1227.64
CUST0133,2026-04-25,529.39
CUST0412,2026-03-21,351.87
CUST0215,2026-03-06,797.8
CUST0005,2026-08-05,1513.56
CUST0064,2026-08-14,1403.99
CUST0186,2026-03-10,1140.37
CUST0438,2026-04-02,62.05
CUST0078,2026-07-28,1896.16
CUST0239,2026-02-25,1029.42
CUST0160,2026-05-10,1146.7
CUST0120,2026-08-03,2915.33
CUST0080,2026-08-12,909.65
CUST0004,2026-08-12,2796.65
CUST0020,2026-08-05,1418.12
CUST0038,2026-08-06,2068.34
CUST0056,2026-08-01,2710.2
CUST0167,2026-03-06,743.31
CUST0175,2026-02-04,412.94
CUST0169,2026-02-11,1134.41
CUST0113,2026-08-08,1155.68
CUST0498,2026-05-03,109.66
CUST0245,2026-03-31,459.59
CUST0104,2026-08-08,2020.25
CUST0095,2026-08-06,1904.74
CUST0233,2026-02-18,1143.24
CUST0228,2026-02-06,1007.33
CUST0058,2026-08-10,2709.91
CUST0392,2026-08-13,270.0
CUST0136,2026-04-02,646.32
CUST0314,2026-08-04,308.7
CUST0081,2026-08-05,1106.34
CUST0131,2026-03-19,1050.28
CUST0475,2026-04-23,77.72
CUST0100,2026-08-13,2736.69
CUST0185,2026-01-29,1014.54
CUST0116,2026-08-11,1722.79
CUST0330,2026-08-15,351.67
CUST0356,2026-08-08,253.84
CUST0153,2026-04-24,861.37
CUST0126,2026-03-30,787.79
CUST0126,2026-02-24,1161.82
CUST0282,2026-08-14,183.73
CUST0087,2026-07-30,2651.18
CUST0073,2026-08-04,1926.89
CUST0444,2026-05-27,121.68
CUST0135,2026-02-26,610.3
CUST0030,2026-07-28,2173.02
CUST0045,2026-08-07,1210.16
CUST0071,2026-08-12,2702.25
CUST0053,2026-08-06,1764.94
CUST0033,2026-08-12,2821.25
CUST0022,2026-08-14,1847.66
CUST0011,2026-08-03,979.51
CUST0025,2026-08-07,1583.18
CUST0184,2026-03-25,681.19
CUST0087,2026-08-13,868.45
CUST0109,2026-08-04,1076.21
CUST0001,2026-08-09,1780.83
CUST0044,2026-08-05,2094.82
CUST0211,2026-04-12,954.15
CUST0027,2026-07-29,1784.31
CUST0139,2026-04-22,761.06
CUST0118,2026-08-12,2966.69
CUST0069,2026-08-07,2521.93
CUST0021,2026-07-30,1415.48
CUST0029,2026-07-29,1799.39
CUST0245,2026-02-18,799.62
CUST0110,2026-08-08,1255.61
CUST0021,2026-08-14,982.05
CUST0052,2026-08-13,2771.69
CUST0485,2026-06-26,187.29
CUST0018,2026-07-29,1831.05
CUST0399,2026-08-02,448.1
CUST0036,2026-07-28,2236.04
CUST0491,2026-07-15,207.48
CUST0131,2026-02-15,677.45
CUST0149,2026-04-03,1043.33
CUST0153,2026-02-22,662.1
CUST0380,2026-08-05,406.58
CUST0473,2026-07-09,93.63
CUST0158,2026-04-08,834.67
CUST0151,2026-04-10,385.43
CUST0019,2026-08-10,2564.64
CUST0031,2026-08-14,2477.41
CUST0041,2026-08-09,874.68
CUST0089,2026-08-12,1012.38
CUST0055,2026-08-11,1515.42
CUST0023,2026-07-27,1810.1
CUST0246,2026-04-30,1097.32
CUST0067,2026-08-05,2064.09
CUST0084,2026-08-06,1784.73
CUST0109,2026-08-10,2477.08
CUST0447,2026-04-28,301.19
CUST0002,2026-08-09,1175.15
CUST0162,2026-03-15,569.45
CUST0054,2026-08-14,1870.67
CUST0107,2026-08-04,2998.83
CUST0415,2026-06-08,219.22
CUST0074,2026-08-12,2504.19
CUST0152,2026-01-29,719.24
CUST0115,2026-08-11,2382.15
CUST0243,2026-05-12,1117.21
CUST0116,2026-07-28,2106.37
CUST0228,2026-04-06,733.15
CUST0028,2026-08-05,2704.12
CUST0212,2026-04-03,911.67
CUST0013,2026-08-11,1676.71
CUST0074,2026-08-08,1050.7
CUST0168,2026-04-09,1139.09
CUST0089,2026-08-07,827.29
CUST0290,2026-08-07,317.63
CUST0126,2026-03-31,306.01
CUST0083,2026-08-13,2800.28
CUST0013,2026-08-03,1158.46
CUST0047,2026-07-28,2733.96
CUST0119,2026-08-13,825.12
CUST0088,2026-08-12,2716.65
CUST0088,2026-07-28,2948.96
CUST0224,2026-02-14,1085.39
CUST0197,2026-05-16,1133.82
CUST0047,2026-07-31,2358.4
CUST0113,2026-08-04,826.63
CUST0110,2026-08-14,1864.97
CUST0030,2026-07-30,2779.06
CUST0074,2026-07-28,2751.23
CUST0070,2026-07-27,1690.56
CUST0029,2026-08-04,1052.64
CUST0158,2026-03-04,833.56
CUST0196,2026-04-20,417.45
CUST0045,2026-08-10,2170.46
CUST0157,2026-04-01,707.62
CUST0054,2026-07-29,2189.43
CUST0062,2026-07-30,2048.09
CUST0186,2026-04-13,499.11
CUST0051,2026-08-08,821.5
CUST0358,2026-08-02,202.9
CUST0010,2026-07-29,2024.96
CUST0231,2026-05-15,466.01
CUST0048,2026-08-14,2194.81
CUST0026,2026-08-02,1817.58
CUST0030,2026-08-11,1243.58
CUST0349,2026-08-15,196.58
CUST0082,2026-07-31,1812.36
CUST0133,2026-03-11,560.27
CUST0427,2026-04-04,245.73
CUST0053,2026-07-28,1155.68
CUST0077,2026-08-11,2075.96
CUST0153,2026-01-31,304.81
CUST0149,2026-05-05,889.24
CUST0255,2026-08-08,141.2
CUST0117,2026-08-07,800.03
CUST0362,2026-08-01,101.92
CUST0119,2026-07-27,2952.76
CUST0242,2026-04-06,725.72
CUST0083,2026-08-06,2951.74
CUST0035,2026-07-30,1681.68
CUST0117,2026-08-11,1662.01
CUST0091,2026-08-14,1840.37
CUST0163,2026-04-12,906.59
CUST0481,2026-04-16,374.42
CUST0219,2026-03-26,1016.86
CUST0113,2026-08-08,2500.8
CUST0082,2026-08-10,1297.52
CUST0206,2026-04-29,413.36
CUST0027,2026-08-01,867.04
CUST0016,2026-07-30,917.67
CUST0120,2026-07-28,1903.33
CUST0158,2026-05-15,875.13
CUST0241,2026-03-02,834.4
CUST0418,2026-05-26,198.73
CUST0119,2026-08-07,1229.53
CUST0147,2026-05-10,829.65
CUST0127,2026-05-12,1179.31
CUST0242,2026-05-12,597.5
CUST0062,2026-08-12,1364.91
CUST0080,2026-07-27,2565.82
CUST0170,2026-03-10,457.61
CUST0021,2026-08-15,2510.73
CUST0203,2026-04-11,373.82
CUST0065,2026-07-29,2296.29
CUST0008,2026-08-04,2028.25
CUST0112,2026-07-29,2105.83
CUST0205,2026-02-26,1100.92
CUST0012,2026-08-03,1415.85
CUST0008,2026-08-12,2776.82
CUST0207,2026-04-10,429.06
CUST0114,2026-08-03,1060.71
CUST0491,2026-04-08,312.04
CUST0197,2026-03-04,678.0
CUST0186,2026-03-07,1027.57
CUST0202,2026-05-09,791.02
CUST0173,2026-04-04,322.47
CUST0164,2026-02-05,1002.5
CUST0204,2026-04-13,820.03
CUST0218,2026-03-10,820.64
CUST0248,2026-02-22,1141.09
CUST0137,2026-02-03,1076.68
CUST0022,2026-08-04,2034.06
CUST0053,2026-08-11,2991.93
CUST0005,2026-08-04,1353.92
CUST0163,2026-04-09,629.04
CUST0206,2026-03-04,1062.2
CUST0247,2026-05-05,317.05
CUST0434,2026-03-31,265.82
CUST0036,2026-08-12,2877.7
CUST0199,2026-04-20,345.5
CUST0114,2026-07-27,2062.45
CUST0174,2026-04-21,456.15
CUST0114,2026-08-12,1585.46
CUST0478,2026-06-14,89.18
CUST0112,2026-07-29,2003.09
CUST0087,2026-08-13,2327.13
CUST0241,2026-02-20,519.42
CUST0291,2026-08-13,127.37
CUST0179,2026-05-03,716.15
CUST0199,2026-02-22,378.83
CUST0177,2026-03-11,615.37
CUST0030,2026-08-10,1532.19
CUST0056,2026-08-15,1068.64
CUST0184,2026-03-16,919.89
CUST0196,2026-02-02,478.29
CUST0152,2026-03-31,580.98
CUST0007,2026-08-06,1367.47
CUST0101,2026-08-11,2547.26
CUST0224,2026-02-18,1146.45
CUST0056,2026-08-06,2272.66
CUST0061,2026-08-04,1848.73
CUST0371,2026-08-15,524.24
CUST0334,2026-08-09,575.41
CUST0260,2026-08-13,253.02
CUST0115,2026-08-07,885.65
CUST0469,2026-05-10,181.55
CUST0230,2026-04-09,844.58
CUST0011,2026-08-08,2344.33
CUST0138,2026-03-12,926.79
CUST0177,2026-03-21,944.44
CUST0201,2026-04-23,541.36
CUST0482,2026-05-24,361.65
CUST0052,2026-08-09,1241.89
CUST0062,2026-08-01,1970.97
CUST0104,2026-07-28,2225.2
CUST0209,2026-04-21,960.74
CUST0177,2026-01-28,371.05
CUST0119,2026-08-01,1914.68
CUST0220,2026-04-06,438.53
CUST0460,2026-04-20,213.41
CUST0053,2026-08-09,2253.8
CUST0152,2026-03-25,809.56
CUST0293,2026-08-09,476.42
CUST0069,2026-08-06,1265.86
CUST0107,2026-07-31,1259.54
CUST0131,2026-03-18,1086.35
CUST0068,2026-08-14,1091.55
CUST0034,2026-08-09,2946.19
CUST0198,2026-03-20,824.93
CUST0212,2026-04-30,823.08
CUST0138,2026-05-09,674.2
CUST0012,2026-08-07,2314.7
CUST0055,2026-08-02,1927.75
CUST0192,2026-03-08,1140.87
CUST0099,2026-08-03,2135.13
CUST0002,2026-08-12,1206.68
CUST0326,2026-08-05,107.19
CUST0124,2026-04-07,382.86
CUST0121,2026-04-21,670.49
CUST0045,2026-08-01,1275.91
CUST0171,2026-03-20,514.33
CUST0075,2026-08-07,1996.84
CUST0088,2026-08-09,2576.27
CUST0130,2026-02-16,769.3
CUST0078,2026-07-27,2033.45
CUST0003,2026-08-03,1110.03
CUST0144,2026-02-24,363.0
CUST0221,2026-04-05,1147.42
CUST0104,2026-08-14,960.38
CUST0003,2026-08-07,2812.91
CUST0141,2026-03-23,1052.51
CUST0434,2026-06-10,398.43
CUST0360,2026-08-06,183.11
CUST0361,2026-08-07,545.12
CUST0315,2026-08-12,503.93
CUST0244,2026-01-31,829.28
CUST0046,2026-08-08,2291.64
CUST0084,2026-08-10,2545.17
CUST0002,2026-08-14,1669.33
CUST0033,2026-07-28,2100.81
CUST0243,2026-04-03,739.36
CUST0192,2026-03-22,557.13
CUST0037,2026-08-07,1759.48
CUST0094,2026-08-15,1803.72
CUST0098,2026-08-02,868.1
CUST0221,2026-02-04,719.56
CUST0104,2026-08-08,1443.53
CUST0098,2026-08-01,1873.27
CUST0018,2026-08-15,2736.79
CUST0041,2026-08-09,881.42
CUST0039,2026-08-11,1864.26
CUST0199,2026-02-17,385.82
CUST0092,2026-07-31,1417.5
CUST0085,2026-07-31,1134.63
CUST0054,2026-08-07,1764.95
CUST0055,2026-08-14,1009.58
CUST0292,2026-08-07,152.7
CUST0137,2026-04-30,567.11
CUST0004,2026-08-14,2173.58
CUST0048,2026-08-09,1990.79
CUST0088,2026-08-08,1083.47
CUST0198,2026-04-30,1072.16
CUST0045,2026-08-13,2594.83
CUST0098,2026-08-10,2463.67
CUST0104,2026-07-30,2383.54
CUST0267,2026-08-05,579.74
CUST0277,2026-08-12,216.54
CUST0177,2026-03-21,710.06
CUST0070,2026-08-10,1371.59
CUST0383,2026-08-04,314.38
CUST0093,2026-08-04,2740.97
CUST0068,2026-07-29,2210.14
CUST0245,2026-03-06,814.91
CUST0096,2026-08-13,970.75
CUST0226,2026-03-29,776.97
CUST0431,2026-06-06,95.95
CUST0186,2026-03-25,985.7
CUST0224,2026-04-01,854.79
CUST0175,2026-05-01,489.7
CUST0085,2026-08-02,1503.27
CUST0223,2026-05-04,445.73
CUST0053,2026-08-04,1151.0
CUST0285,2026-08-14,136.68
CUST0076,2026-08-12,811.51
CUST0056,2026-07-27,2093.35
CUST0116,2026-08-12,2610.95
CUST0220,2026-04-06,1038.06
CUST0176,2026-04-11,974.48
CUST0039,2026-08-02,903.33
CUST0006,2026-08-12,977.88
CUST0298,2026-08-15,459.36
CUST0099,2026-08-12,2988.69
CUST0238,2026-04-25,315.01
CUST0068,2026-08-12,975.92
CUST0105,2026-08-10,1343.01
CUST0124,2026-05-16,558.72
CUST0365,2026-08-01,349.6
CUST0082,2026-08-06,1817.05
CUST0011,2026-07-28,1543.59
CUST0344,2026-08-05,134.52
CUST0058,2026-07-29,1337.12
CUST0025,2026-08-05,2825.92
CUST0001,2026-08-14,2388.4
CUST0070,2026-07-29,2184.46
CUST0062,2026-08-12,2610.98
CUST0055,2026-08-09,1590.31
CUST0068,2026-07-27,1905.65
CUST0035,2026-08-09,2457.14
CUST0013,2026-08-12,1181.04
CUST0012,2026-07-30,1677.41
CUST0114,2026-08-14,2985.16
CUST0034,2026-08-15,1597.27
CUST0037,2026-08-14,1598.73
CUST0170,2026-02-18,322.71
CUST0085,2026-08-15,1719.07
CUST0099,2026-07-27,868.06
CUST0202,2026-03-29,657.29
CUST0083,2026-08-08,1046.26
CUST0420,2026-05-27,252.16
CUST0167,2026-02-25,723.78
CUST0108,2026-08-01,2638.06
CUST0154,2026-04-05,908.51
CUST0075,2026-07-28,1131.49
CUST0121,2026-03-29,689.49
CUST0122,2026-05-11,869.05
CUST0080,2026-08-02,2142.5
CUST0044,2026-08-02,2121.76
CUST0183,2026-03-06,1106.13
CUST0218,2026-04-03,1002.31
CUST0346,2026-08-04,166.13
CUST0247,2026-01-29,948.14
CUST0025,2026-08-01,2181.38
CUST0143,2026-05-10,1089.62
CUST0033,2026-08-01,920.48
CUST0193,2026-05-03,735.62
CUST0449,2026-05-11,274.13
CUST0063,2026-08-07,2546.24
CUST0222,2026-03-30,908.49
CUST0183,2026-03-19,855.25
CUST0106,2026-08-06,1106.05
CUST0090,2026-08-07,2975.86
CUST0214,2026-03-25,1126.56
CUST0112,2026-07-31,1694.68
CUST0245,2026-05-12,830.69
CUST0006,2026-08-07,1505.72
CUST0105,2026-07-29,1827.33
CUST0459,2026-04-13,227.78
CUST0111,2026-08-01,933.38
CUST0058,2026-08-08,2550.12
CUST0061,2026-08-02,2213.67
CUST0126,2026-04-26,862.68
CUST0004,2026-08-09,1702.84
CUST0220,2026-02-08,1028.93
CUST0096,2026-08-11,2220.63
CUST0126,2026-04-18,912.1
CUST0250,2026-02-24,658.45
CUST0191,2026-03-13,801.34
CUST0130,2026-03-28,993.67
CUST0093,2026-08-05,898.68
CUST0008,2026-08-13,2234.31
CUST0395,2026-08-11,453.3
CUST0074,2026-07-31,2585.89
CUST0038,2026-08-05,1727.75
CUST0210,2026-04-12,457.18
CUST0075,2026-08-15,1918.39
CUST0089,2026-08-07,905.91
CUST0104,2026-08-12,1114.33
CUST0045,2026-07-30,1182.57
CUST0057,2026-07-29,1244.08
CUST0002,2026-08-02,2578.47
CUST0078,2026-07-28,1393.61
CUST0109,2026-08-04,2109.29
CUST0278,2026-08-03,249.14
CUST0022,2026-07-30,1330.39
CUST0283,2026-08-03,116.63
CUST0033,2026-08-08,1912.96
CUST0100,2026-08-08,886.81
CUST0204,2026-02-22,1001.57
CUST0050,2026-08-13,1208.01
CUST0003,2026-08-08,2657.97
CUST0101,2026-08-01,2132.66
CUST0054,2026-08-14,2114.99
CUST0071,2026-07-27,2691.04
CUST0210,2026-02-06,819.19
CUST0016,2026-08-03,2770.15
CUST0074,2026-08-01,1043.78
CUST0087,2026-08-05,2656.22
CUST0386,2026-08-14,176.57
CUST0170,2026-04-17,496.39
CUST0025,2026-08-07,1003.04
CUST0042,2026-08-13,2714.22
CUST0104,2026-08-09,1848.16
CUST0132,2026-03-08,948.51
CUST0081,2026-08-12,1493.42
CUST0216,2026-02-19,664.25
CUST0027,2026-08-11,1201.02
CUST0124,2026-01-30,712.22
CUST0011,2026-08-03,1227.4
CUST0404,2026-05-09,93.44
CUST0227,2026-03-04,1012.27
CUST0082,2026-07-31,1275.4
CUST0064,2026-08-03,2107.85
CUST0073,2026-08-05,2249.88
CUST0080,2026-08-15,2516.47
CUST0233,2026-05-08,1151.37
CUST0158,2026-02-17,661.7
CUST0011,2026-08-05,1079.53
CUST0050,2026-08-08,2496.03
CUST0050,2026-08-04,2038.05
CUST0075,2026-08-05,1392.53
CUST0218,2026-03-03,815.38
CUST0241,2026-04-27,724.57
CUST0013,2026-08-02,1001.96
CUST0292,2026-08-05,557.5
CUST0154,2026-04-28,812.54
CUST0114,2026-08-09,1617.79
CUST0401,2026-05-16,334.05
CUST0090,2026-07-30,1427.64
CUST0002,2026-08-08,2461.8
CUST0397,2026-08-07,379.87
CUST0169,2026-03-17,428.7
CUST0180,2026-05-06,1118.26
CUST0211,2026-03-09,943.25
CUST0066,2026-07-31,802.72
CUST0321,2026-08-13,480.44
CUST0070,2026-08-14,1094.37
CUST0322,2026-08-10,138.93
CUST0116,2026-08-12,1449.53
CUST0027,2026-08-12,1581.23
CUST0240,2026-03-07,442.86
CUST0483,2026-04-15,338.28
CUST0174,2026-03-22,470.23
CUST0161,2026-04-06,1144.17
CUST0029,2026-08-04,1698.74
CUST0147,2026-04-04,971.18
CUST0192,2026-04-18,977.16
CUST0241,2026-02-21,1091.64
CUST0197,2026-03-04,321.34
CUST0018,2026-08-13,1358.1
CUST0181,2026-01-28,836.47
CUST0147,2026-03-22,517.35
CUST0070,2026-08-02,1189.15
CUST0128,2026-01-28,543.73
CUST0417,2026-05-04,226.72
CUST0024,2026-08-03,1260.09
CUST0109,2026-08-05,2258.62
CUST0458,2026-04-20,95.87
CUST0344,2026-08-15,380.93
CUST0101,2026-08-05,2008.51
CUST0073,2026-07-30,2904.3
CUST0109,2026-08-07,1064.46
CUST0050,2026-08-13,868.49
CUST0162,2026-04-08,402.99
CUST0070,2026-08-13,1609.07
CUST0029,2026-08-15,2419.74
CUST0043,2026-08-06,1001.74
CUST0168,2026-02-06,759.13
CUST0151,2026-04-19,692.78
CUST0077,2026-08-02,2449.0
CUST0062,2026-08-04,1199.16
CUST0074,2026-08-07,2911.62
CUST0228,2026-04-15,810.2
CUST0447,2026-07-07,156.57
CUST0124,2026-05-15,484.8
CUST0249,2026-02-15,486.14
CUST0407,2026-07-06,97.73
CUST0185,2026-04-26,729.62
CUST0062,2026-08-05,1636.16
CUST0144,2026-04-12,1063.14
CUST0107,2026-08-07,2713.48
CUST0059,2026-08-15,2121.34
CUST0137,2026-02-06,959.16
CUST0099,2026-08-04,2627.51
CUST0183,2026-03-03,1085.8
CUST0427,2026-05-02,367.18
CUST0078,2026-08-01,2996.36
CUST0215,2026-03-25,382.89
CUST0076,2026-08-06,2027.69
CUST0161,2026-02-09,363.93
CUST0105,2026-07-29,1407.57
CUST0147,2026-03-17,440.83
CUST0244,2026-04-23,320.31
CUST0425,2026-05-21,241.56
CUST0252,2026-08-09,171.58
CUST0009,2026-07-31,1417.7
CUST0318,2026-08-10,260.2
CUST0208,2026-04-06,525.97
CUST0067,2026-07-29,1551.68
CUST0232,2026-03-28,355.84
CUST0101,2026-08-13,1241.04
CUST0075,2026-08-04,2412.16
CUST0027,2026-08-15,816.58
CUST0075,2026-08-03,1162.59
CUST0111,2026-07-30,2847.33
CUST0051,2026-08-05,1857.12
CUST0062,2026-08-06,2819.06
CUST0200,2026-03-03,558.59
CUST0180,2026-04-01,662.17
CUST0181,2026-05-03,1154.91
CUST0074,2026-08-12,1444.21
CUST0092,2026-07-30,1936.46
CUST0246,2026-03-06,844.36
CUST0123,2026-03-05,461.43
CUST0011,2026-08-14,1509.61
CUST0017,2026-08-09,2904.96
CUST0233,2026-01-28,708.85
CUST0028,2026-08-10,1675.28
CUST0300,2026-08-09,475.13
CUST0027,2026-08-03,2105.9
CUST0182,2026-03-18,1001.99
CUST0002,2026-08-01,1181.4
CUST0053,2026-08-10,2382.24
CUST0086,2026-07-31,2366.43
CUST0041,2026-07-27,2658.01
CUST0066,2026-08-04,995.29
CUST0201,2026-02-11,911.73
CUST0179,2026-01-29,702.04
CUST0001,2026-08-06,902.66
CUST0227,2026-03-21,1188.97
CUST0207,2026-03-25,842.84
CUST0405,2026-07-11,117.21
CUST0148,2026-03-17,923.12
CUST0060,2026-08-01,2186.46
CUST0099,2026-08-03,2476.18
CUST0368,2026-08-11,195.17
CUST0007,2026-07-29,2642.96
CUST0009,2026-08-02,2812.7
CUST0157,2026-04-28,916.86
CUST0225,2026-01-30,652.57
CUST0162,2026-05-03,432.55
CUST0466,2026-06-17,265.27
CUST0152,2026-03-04,624.38
CUST0125,2026-02-10,904.85
CUST0039,2026-08-05,1435.13
CUST0151,2026-02-10,819.03
CUST0096,2026-08-10,2660.33
CUST0071,2026-08-08,2583.51
CUST0083,2026-07-30,859.77
CUST0032,2026-08-12,2388.96
CUST0069,2026-08-05,2459.36
CUST0353,2026-08-05,143.54
CUST0036,2026-08-01,2385.79
CUST0176,2026-03-30,510.98
CUST0195,2026-05-13,1071.47
CUST0129,2026-03-17,846.06
CUST0199,2026-04-02,475.0
CUST0110,2026-07-27,1997.86
CUST0090,2026-07-31,1326.92
CUST0126,2026-04-03,824.63
CUST0375,2026-08-15,110.01
CUST0167,2026-03-11,674.53
CUST0062,2026-08-12,2378.8
CUST0170,2026-03-02,508.85
CUST0425,2026-06-21,241.24
CUST0093,2026-08-08,1728.02
CUST0297,2026-08-14,136.5
CUST0266,2026-08-13,536.52
CUST0078,2026-08-10,1261.65
CUST0155,2026-04-30,626.19
CUST0047,2026-08-05,1325.12
CUST0099,2026-07-28,1189.78
CUST0433,2026-05-08,215.96
CUST0233,2026-03-08,388.21
CUST0140,2026-03-12,483.88
CUST0472,2026-07-07,298.38
CUST0009,2026-08-11,2842.3
CUST0005,2026-08-11,1559.16
CUST0178,2026-03-31,1051.11
CUST0054,2026-08-06,2982.69
CUST0099,2026-07-30,1970.97
CUST0150,2026-04-02,900.16
CUST0210,2026-02-06,840.82
CUST0237,2026-03-05,792.24
CUST0103,2026-08-08,1044.2
CUST0151,2026-03-02,1042.87
CUST0099,2026-08-02,2290.25
CUST0429,2026-07-10,376.4
CUST0193,2026-02-11,546.95
CUST0029,2026-08-13,914.01
CUST0158,2026-04-12,370.7
CUST0026,2026-08-02,2160.16
CUST0204,2026-03-18,874.11
CUST0211,2026-02-27,1194.97
CUST0119,2026-08-12,2029.76
CUST0083,2026-08-02,1325.35
CUST0408,2026-04-02,202.69
CUST0163,2026-02-12,999.12
CUST0463,2026-04-23,196.01
CUST0242,2026-03-31,807.5
CUST0101,2026-07-28,2070.01
CUST0025,2026-07-28,2607.94
CUST0121,2026-02-27,446.53
CUST0230,2026-04-06,555.03
CUST0179,2026-04-14,470.45
CUST0126,2026-04-02,469.69
CUST0163,2026-04-22,1028.12
CUST0020,2026-08-04,1034.86
CUST0220,2026-04-09,1177.93
CUST0176,2026-02-04,538.95
CUST0052,2026-08-07,1571.38
CUST0067,2026-08-07,1509.56
CUST0174,2026-03-14,849.69
CUST0010,2026-07-29,2153.02
CUST0159,2026-03-23,476.99
CUST0147,2026-02-13,1117.05
CUST0118,2026-07-28,1199.55
CUST0024,2026-07-29,2124.26
CUST0049,2026-08-13,2891.9
CUST0215,2026-04-16,1066.04
CUST0042,2026-07-31,1739.0
CUST0008,2026-07-29,1868.35
CUST0040,2026-08-04,2928.94
CUST0017,2026-08-03,2848.04
CUST0054,2026-08-12,1727.79
CUST0228,2026-05-03,849.34
CUST0248,2026-03-05,1120.55
CUST0107,2026-08-07,1100.52
CUST0216,2026-02-20,372.93
CUST0109,2026-08-04,802.98
CUST0413,2026-06-30,268.23
CUST0064,2026-08-09,2002.73
CUST0014,2026-08-04,1649.43
CUST0110,2026-08-12,2778.8
CUST0071,2026-08-05,1799.63
CUST0173,2026-02-09,493.95
CUST0122,2026-03-13,484.86
CUST0009,2026-08-09,2386.07
CUST0049,2026-07-28,1355.52
CUST0153,2026-02-11,578.06
CUST0001,2026-08-05,1810.35
CUST0005,2026-08-11,1426.65
CUST0137,2026-02-01,846.98
CUST0035,2026-08-12,1200.24
CUST0001,2026-08-13,845.29
CUST0093,2026-08-05,1089.28
CUST0069,2026-07-28,1650.21
CUST0017,2026-08-01,1114.58
CUST0079,2026-08-03,2521.68
CUST0018,2026-07-28,1044.63
CUST0208,2026-02-27,491.1
CUST0087,2026-07-28,1790.77
CUST0241,2026-04-25,830.12
CUST0114,2026-08-13,926.95
CUST0119,2026-07-28,2353.63
CUST0381,2026-08-02,249.83
CUST0216,2026-02-16,516.27
CUST0245,2026-04-29,448.16
CUST0169,2026-03-20,1060.61
CUST0219,2026-03-02,787.24
CUST0168,2026-02-17,1082.65
CUST0138,2026-03-17,1084.32
CUST0098,2026-08-06,2780.18
CUST0116,2026-08-04,2469.31
CUST0047,2026-08-09,1153.67
CUST0243,2026-04-10,382.18
CUST0112,2026-08-08,1260.21
CUST0008,2026-08-13,2942.06
CUST0205,2026-04-01,489.29
CUST0087,2026-08-07,2241.62
CUST0233,2026-02-05,1040.11
CUST0018,2026-08-06,1672.63
CUST0005,2026-08-08,1975.0
CUST0329,2026-08-09,396.11
CUST0181,2026-03-31,921.95
CUST0040,2026-07-30,1207.29
CUST0009,2026-08-15,1229.53
CUST0189,2026-02-26,883.41
CUST0093,2026-08-02,912.5
CUST0236,2026-04-23,345.88
CUST0168,2026-03-25,506.84
CUST0432,2026-07-10,316.14
CUST0215,2026-03-13,846.42
CUST0181,2026-04-27,686.96
CUST0036,2026-08-06,988.12
CUST0124,2026-02-08,883.65
CUST0309,2026-08-03,453.19
CUST0205,2026-02-01,1012.32
CUST0226,2026-04-20,566.69
CUST0140,2026-03-14,316.31
CUST0069,2026-08-05,2163.09
CUST0124,2026-02-18,966.15
CUST0077,2026-07-28,2652.33
CUST0077,2026-07-27,2516.88
CUST0066,2026-07-27,2171.89
CUST0101,2026-08-04,2933.14
CUST0228,2026-03-03,1032.95
CUST0028,2026-08-10,2945.15
CUST0187,2026-04-22,1143.4
CUST0002,2026-07-29,2505.29
CUST0036,2026-08-13,1308.36
CUST0040,2026-08-07,2496.01
CUST0054,2026-08-04,1644.46
CUST0004,2026-08-05,1246.73
CUST0048,2026-08-15,927.43
CUST0023,2026-08-01,1762.44
CUST0262,2026-08-09,475.91
CUST0096,2026-07-30,1275.31
CUST0280,2026-08-15,128.08
CUST0047,2026-08-03,1916.43
CUST0178,2026-05-14,478.64
CUST0096,2026-08-07,1473.89
CUST0078,2026-07-30,1754.84
CUST0026,2026-07-28,2369.37
CUST0004,2026-08-13,2473.73
CUST0008,2026-08-05,2858.4
CUST0081,2026-08-02,1349.0
CUST0086,2026-08-03,1510.62
CUST0224,2026-03-28,300.17
CUST0149,2026-03-18,592.06
CUST0137,2026-03-01,409.35
CUST0082,2026-08-14,1688.75
CUST0167,2026-02-08,1019.75
CUST0040,2026-08-05,2662.1
CUST0107,2026-08-11,2608.8
CUST0262,2026-08-11,441.33
CUST0046,2026-08-11,907.32
CUST0112,2026-08-10,2843.05
CUST0455,2026-04-12,174.18
CUST0005,2026-08-04,1716.32
CUST0357,2026-08-15,180.85
CUST0050,2026-08-02,2116.32
CUST0007,2026-07-27,2869.15
CUST0050,2026-08-02,1966.78
CUST0155,2026-04-16,709.29
CUST0021,2026-08-10,2321.77
CUST0132,2026-05-15,668.7
CUST0028,2026-08-07,976.51
CUST0067,2026-08-10,1110.81
CUST0162,2026-01-30,550.53
CUST0170,2026-04-26,976.51
CUST0213,2026-03-08,413.64
CUST0057,2026-08-02,2314.06
CUST0192,2026-04-03,892.25
CUST0272,2026-08-13,454.69
CUST0003,2026-08-07,2171.26
CUST0195,2026-05-07,708.96
CUST0015,2026-08-12,1190.37
CUST0110,2026-08-07,1250.96
CUST0183,2026-03-02,811.18
CUST0005,2026-08-06,1542.75
CUST0153,2026-02-24,822.86
CUST0223,2026-04-23,355.83
CUST0202,2026-04-29,883.29
CUST0010,2026-08-13,2054.13
CUST0060,2026-08-15,1322.6
CUST0196,2026-02-20,675.47
CUST0188,2026-04-30,598.9
CUST0056,2026-08-10,1196.02
CUST0041,2026-08-01,2324.99
CUST0076,2026-08-02,2155.17
CUST0210,2026-03-13,683.76
CUST0012,2026-07-28,1765.74
CUST0019,2026-07-30,982.36
CUST0100,2026-08-14,2388.72
CUST0173,2026-03-27,550.62
CUST0034,2026-08-09,1563.3
CUST0102,2026-08-07,1413.27
CUST0191,2026-05-14,677.26
CUST0100,2026-07-30,2363.95
CUST0450,2026-06-29,309.3
CUST0192,2026-04-03,1052.85
CUST0033,2026-07-30,2067.83
CUST0186,2026-04-13,315.08
CUST0044,2026-08-09,2734.06
CUST0224,2026-04-07,462.47
CUST0352,2026-08-01,387.89
CUST0150,2026-03-09,673.72
CUST0057,2026-08-05,838.24
CUST0030,2026-08-08,2387.51
CUST0018,2026-08-08,1623.4
CUST0261,2026-08-13,188.56
CUST0169,2026-03-07,802.89
CUST0021,2026-07-31,1157.76
CUST0058,2026-08-08,1143.56
CUST0194,2026-02-23,493.68
CUST0033,2026-08-05,1791.85
CUST0051,2026-08-10,1296.19
CUST0019,2026-08-15,1291.91
CUST0199,2026-05-16,355.7
CUST0118,2026-07-31,2784.27
CUST0190,2026-02-28,655.73
CUST0181,2026-04-02,869.01
CUST0268,2026-08-09,184.14
CUST0247,2026-04-06,1073.2
CUST0430,2026-04-07,238.07
CUST0034,2026-08-05,872.26
CUST0110,2026-08-08,2873.99
CUST0054,2026-08-04,1183.23
CUST0225,2026-02-17,493.42
CUST0266,2026-08-10,253.57
CUST0177,2026-03-19,1191.1
CUST0157,2026-04-15,848.73
CUST0087,2026-08-01,1184.74
CUST0006,2026-07-30,2402.08
CUST0228,2026-02-13,319.86
CUST0109,2026-08-03,2943.23
CUST0156,2026-02-02,362.82
CUST0126,2026-04-20,864.74
CUST0171,2026-03-21,513.38
CUST0036,2026-08-01,2052.78
CUST0039,2026-08-12,2381.9
CUST0030,2026-08-09,1057.18
CUST0029,2026-07-30,2671.6
CUST0229,2026-04-15,1051.84
CUST0192,2026-02-04,871.87
CUST0122,2026-05-04,1002.9
CUST0422,2026-05-12,389.53
CUST0051,2026-08-15,1938.97
CUST0093,2026-08-07,1673.43
CUST0005,2026-08-09,2795.02
CUST0065,2026-08-07,2323.36
CUST0358,2026-08-05,220.11
CUST0235,2026-03-23,669.71
CUST0094,2026-08-04,976.4
CUST0017,2026-07-31,2537.16
CUST0197,2026-04-06,1134.22
CUST0029,2026-08-11,1913.43
CUST0147,2026-05-07,543.85
CUST0244,2026-02-19,769.24
CUST0426,2026-04-25,170.15
CUST0256,2026-08-15,251.23
CUST0313,2026-08-10,377.77
CUST0001,2026-08-04,850.74
CUST0164,2026-02-19,439.43
CUST0149,2026-04-27,925.18
CUST0053,2026-07-28,2946.9
CUST0019,2026-07-27,965.96
CUST0121,2026-03-12,1065.61
CUST0030,2026-08-08,2621.47
CUST0118,2026-07-30,2123.42
CUST0069,2026-07-28,1175.46
CUST0176,2026-05-07,563.26
CUST0226,2026-03-31,587.21
CUST0091,2026-08-07,1913.79
CUST0164,2026-04-17,572.18
CUST0055,2026-08-08,2117.17
CUST0003,2026-08-06,1588.62
CUST0066,2026-08-14,1598.48
CUST0041,2026-07-31,2668.23
CUST0241,2026-02-02,487.48
CUST0103,2026-08-10,1473.5
CUST0086,2026-08-10,2955.52
CUST0077,2026-08-13,1103.21
CUST0029,2026-08-02,1434.99
CUST0050,2026-08-09,2177.68
CUST0028,2026-07-31,1153.5
CUST0073,2026-07-28,956.76
CUST0102,2026-08-03,2937.37
CUST0077,2026-08-12,1198.9
CUST0036,2026-08-14,1699.22
CUST0105,2026-08-02,2740.38
CUST0467,2026-04-24,323.02
CUST0116,2026-08-08,1209.5
CUST0094,2026-08-01,2717.52
CUST0183,2026-02-05,493.23
CUST0117,2026-08-08,904.81
CUST0250,2026-02-19,1042.69
CUST0093,2026-08-03,2137.39
CUST0130,2026-03-14,528.02
CUST0093,2026-08-09,2898.87
CUST0378,2026-08-15,474.3
CUST0006,2026-08-04,1785.12
CUST0087,2026-08-01,1471.68
CUST0062,2026-08-12,2855.76
CUST0150,2026-05-12,686.09
CUST0200,2026-03-24,438.51
CUST0276,2026-08-14,123.6
CUST0184,2026-03-23,612.77
CUST0010,2026-08-13,2956.73
CUST0085,2026-08-02,983.62
CUST0069,2026-08-09,2393.5
CUST0069,2026-08-15,1920.73
CUST0062,2026-08-05,1071.09
CUST0115,2026-08-12,2664.0
CUST0091,2026-08-01,2124.23
CUST0038,2026-07-29,1965.26
CUST0480,2026-07-11,368.1
CUST0226,2026-04-05,809.27
CUST0170,2026-03-30,864.6
CUST0166,2026-03-03,999.34
CUST0104,2026-08-15,2007.76
CUST0067,2026-08-11,1660.29
CUST0062,2026-07-27,1863.8
CUST0456,2026-03-21,103.11
CUST0127,2026-05-01,792.19
CUST0248,2026-04-08,1023.38
CUST0246,2026-03-27,936.31
CUST0241,2026-02-20,735.42
CUST0049,2026-07-27,2239.92
CUST0012,2026-07-31,1936.73
CUST0003,2026-08-08,2403.82
CUST0422,2026-06-11,230.82
CUST0054,2026-08-13,979.36
CUST0007,2026-08-13,2580.9
CUST0474,2026-04-05,272.57
CUST0090,2026-08-02,2682.53
CUST0250,2026-02-23,970.69
CUST0147,2026-03-20,1075.36
CUST0086,2026-08-14,2602.36
CUST0100,2026-07-28,2521.25
CUST0017,2026-07-28,1000.83
CUST0038,2026-08-10,2410.81
CUST0127,2026-05-14,690.96
CUST0038,2026-08-08,2337.46
CUST0236,2026-04-02,1189.69
CUST0151,2026-05-16,973.2
CUST0104,2026-08-06,2088.9
CUST0114,2026-08-11,1340.78
CUST0225,2026-03-27,567.63
CUST0340,2026-08-02,339.08
CUST0181,2026-03-30,1040.25
CUST0116,2026-07-28,1740.5
CUST0091,2026-08-10,2101.73
CUST0106,2026-08-15,1412.57
CUST0200,2026-04-02,797.49
CUST0242,2026-02-25,362.24
CUST0127,2026-04-21,690.22
CUST0089,2026-08-07,1459.82
CUST0116,2026-07-28,1116.39
CUST0071,2026-08-03,1092.92
CUST0056,2026-07-30,2657.17
CUST0018,2026-08-11,1313.1
CUST0055,2026-08-03,1761.76
CUST0495,2026-06-17,224.42
CUST0086,2026-08-04,1537.46
CUST0305,2026-08-02,489.02
CUST0231,2026-04-10,760.54
CUST0091,2026-08-07,2272.24
CUST0079,2026-08-02,1296.19
CUST0192,2026-02-14,658.41
CUST0079,2026-08-03,2334.88
CUST0087,2026-08-13,2309.92
CUST0112,2026-08-13,1164.65
CUST0235,2026-03-20,303.77
CUST0066,2026-08-15,2138.67
CUST0011,2026-08-09,1445.9
CUST0466,2026-06-10,350.25
CUST0064,2026-08-09,2329.32
CUST0054,2026-07-27,2183.28
CUST0416,2026-06-29,76.21
CUST0020,2026-08-11,2943.67
CUST0005,2026-07-30,1386.92
CUST0030,2026-08-06,1663.38
CUST0285,2026-08-02,534.59
CUST0201,2026-03-10,1044.62
CUST0390,2026-08-04,521.05
CUST0030,2026-08-08,1794.29
CUST0102,2026-08-03,2457.54
CUST0239,2026-03-30,1161.48
CUST0158,2026-04-28,1164.83
CUST0046,2026-08-11,1001.27
CUST0184,2026-05-17,527.57
CUST0097,2026-08-10,1798.8
CUST0147,2026-02-06,787.48
CUST0066,2026-08-11,1185.67
CUST0451,2026-05-15,278.76
CUST0217,2026-03-14,588.02
CUST0116,2026-07-27,1249.81
CUST0003,2026-08-15,1237.17
CUST0289,2026-08-02,398.03
CUST0191,2026-04-08,441.13
CUST0246,2026-04-22,1139.48
CUST0074,2026-07-30,1449.98
CUST0117,2026-07-29,2771.29
CUST0083,2026-08-15,1659.6
CUST0203,2026-05-09,440.58
CUST0156,2026-03-20,927.42
CUST0051,2026-08-05,2965.57
CUST0054,2026-08-08,1691.68
CUST0031,2026-08-15,873.77
CUST0114,2026-08-06,1507.67
CUST0124,2026-04-22,843.27
CUST0062,2026-08-03,1206.09
CUST0047,2026-08-06,1032.84
CUST0008,2026-08-07,1187.04
CUST0032,2026-08-01,2554.05
CUST0121,2026-03-10,361.52
CUST0463,2026-05-20,339.26
CUST0007,2026-08-12,836.49
CUST0182,2026-05-13,619.62
CUST0056,2026-08-04,1987.79
CUST0122,2026-04-09,1150.0
CUST0001,2026-07-31,1312.1
CUST0231,2026-04-13,346.04
CUST0022,2026-08-06,2669.22
CUST0079,2026-08-11,2652.25
CUST0089,2026-07-28,2720.06
CUST0108,2026-08-06,1996.37
CUST0391,2026-08-08,336.72
CUST0391,2026-08-02,262.91
CUST0331,2026-08-10,469.73
CUST0117,2026-08-10,2409.79
CUST0229,2026-03-11,479.47
CUST0248,2026-03-10,989.27
CUST0128,2026-03-27,312.37
CUST0064,2026-08-13,1773.98
CUST0199,2026-02-26,503.47
CUST0067,2026-08-04,2847.31
CUST0038,2026-08-02,1836.34
CUST0213,2026-05-03,384.98
CUST0142,2026-01-30,600.27
CUST0026,2026-08-03,937.15
CUST0039,2026-08-12,2496.17
CUST0101,2026-08-07,930.84
CUST0076,2026-08-11,2739.19
CUST0396,2026-08-03,243.24
CUST0392,2026-08-05,525.7
CUST0141,2026-02-21,1058.99
CUST0142,2026-03-13,664.11
CUST0180,2026-02-12,621.09
CUST0028,2026-08-10,1603.79
CUST0419,2026-07-15,141.84
CUST0099,2026-07-31,2501.79
CUST0123,2026-04-28,550.07
CUST0041,2026-07-29,1949.36
CUST0225,2026-04-14,334.28
CUST0237,2026-04-01,1130.19
CUST0243,2026-03-21,305.82
CUST0207,2026-03-25,686.16
CUST0092,2026-08-04,2128.96
CUST0311,2026-08-12,513.76
CUST0072,2026-08-08,1815.25
CUST0140,2026-03-30,1156.3
CUST0190,2026-05-04,550.29
CUST0075,2026-08-05,2468.01
CUST0081,2026-08-02,2407.81
CUST0308,2026-08-15,543.25
CUST0075,2026-08-09,2662.33
CUST0127,2026-04-20,1075.19
CUST0011,2026-07-30,882.17
CUST0380,2026-08-12,457.56
CUST0045,2026-07-27,942.97
CUST0110,2026-08-11,1967.62
CUST0053,2026-08-13,889.66
CUST0091,2026-08-01,980.86
CUST0067,2026-08-06,1987.41
CUST0037,2026-07-29,2763.88
CUST0042,2026-08-04,1312.51
CUST0085,2026-08-07,2567.93
CUST0083,2026-08-07,2032.4
CUST0038,2026-08-09,2061.25
CUST0048,2026-08-01,2850.46
CUST0250,2026-02-25,485.92
CUST0126,2026-03-20,962.88
CUST0076,2026-08-11,1152.16
CUST0161,2026-02-19,390.88
CUST0086,2026-08-07,2601.94
CUST0394,2026-08-01,315.17
CUST0008,2026-07-31,2442.28
CUST0055,2026-08-12,2933.61
CUST0367,2026-08-06,271.07
CUST0168,2026-03-02,821.38
CUST0081,2026-08-06,2658.54
CUST0146,2026-02-06,768.97
CUST0063,2026-08-03,2192.93
CUST0009,2026-07-28,2199.93
CUST0049,2026-07-27,1674.71
CUST0347,2026-08-13,218.74
CUST0319,2026-08-01,491.58
CUST0461,2026-05-10,378.61
CUST0048,2026-08-12,949.24
CUST0029,2026-08-12,1735.96
CUST0021,2026-08-02,967.64
CUST0004,2026-08-11,2937.77
CUST0074,2026-08-08,1750.57
CUST0066,2026-07-31,2262.81
CUST0058,2026-08-05,2303.15
CUST0091,2026-08-09,1089.73
CUST0084,2026-08-04,1951.33
CUST0001,2026-08-12,1114.31
CUST0119,2026-08-13,1061.52
CUST0215,2026-04-17,590.45
CUST0239,2026-04-20,1023.75
CUST0080,2026-08-04,898.11
CUST0063,2026-07-28,2672.58
CUST0051,2026-08-10,2797.2
CUST0131,2026-03-02,570.94
CUST0220,2026-04-02,838.74
CUST0221,2026-04-11,318.84
CUST0198,2026-05-12,1003.45
CUST0086,2026-07-27,2758.57
CUST0044,2026-08-12,1280.16
CUST0004,2026-08-06,1766.54
CUST0065,2026-08-09,1550.4
CUST0169,2026-02-09,1112.87
CUST0147,2026-04-06,673.47
CUST0063,2026-08-01,2144.16
CUST0083,2026-08-12,2464.85
CUST0087,2026-07-31,1033.96
CUST0243,2026-02-20,585.57
CUST0158,2026-03-02,826.05
CUST0073,2026-07-27,2504.24
CUST0030,2026-08-15,2444.74
CUST0247,2026-02-08,1112.9
CUST0222,2026-02-02,525.79
CUST0002,2026-08-14,2305.31
CUST0051,2026-08-02,1113.49
CUST0003,2026-08-09,1731.48
CUST0409,2026-03-27,203.2
CUST0040,2026-08-03,1140.28
CUST0233,2026-02-06,706.07
CUST0069,2026-08-11,2517.68
CUST0149,2026-02-04,999.11
CUST0156,2026-03-04,450.62
CUST0040,2026-07-31,2720.48
CUST0130,2026-04-20,1123.73
CUST0461,2026-05-01,352.53
CUST0018,2026-07-27,1061.4
CUST0059,2026-07-31,2455.34
CUST0106,2026-08-03,1729.25
CUST0245,2026-02-27,478.78
CUST0011,2026-08-10,1467.18
CUST0128,2026-04-25,345.02
CUST0047,2026-08-09,1224.89
CUST0430,2026-05-05,192.25
CUST0101,2026-08-12,2574.5
CUST0043,2026-08-13,1828.08
CUST0461,2026-04-14,185.12
CUST0138,2026-05-03,974.45
CUST0146,2026-05-09,612.27
CUST0179,2026-04-24,1035.67
CUST0009,2026-08-13,2490.82
CUST0486,2026-06-03,80.44
CUST0171,2026-02-18,932.24
CUST0074,2026-08-13,1067.05
CUST0485,2026-06-07,104.08
CUST0014,2026-07-29,2061.41
CUST0085,2026-08-12,2556.91
CUST0074,2026-07-29,2874.77
CUST0053,2026-08-08,2884.17
CUST0046,2026-08-11,2981.25
CUST0013,2026-07-31,2575.21
CUST0023,2026-08-14,2200.62
CUST0246,2026-04-30,554.96
CUST0454,2026-04-10,216.01
CUST0079,2026-07-29,1163.65
CUST0403,2026-07-04,297.6
CUST0431,2026-05-04,301.73
CUST0248,2026-03-19,488.72
CUST0080,2026-08-12,1093.66
CUST0243,2026-03-04,826.35
CUST0199,2026-05-06,669.45
CUST0093,2026-07-28,2735.7
CUST0002,2026-08-09,829.18
CUST0488,2026-05-01,171.52
CUST0041,2026-08-09,1454.17
CUST0050,2026-08-15,1505.63
CUST0327,2026-08-11,242.09
CUST0348,2026-08-01,479.66
CUST0112,2026-07-28,2410.67
CUST0072,2026-08-08,2769.26
CUST0217,2026-04-15,869.16
CUST0060,2026-07-30,1777.72
CUST0017,2026-08-09,2991.05
CUST0181,2026-03-13,466.17
CUST0144,2026-03-01,635.28
CUST0238,2026-02-02,867.65
CUST0479,2026-06-04,237.44
CUST0209,2026-02-17,312.31
CUST0182,2026-02-16,1138.4
CUST0129,2026-03-04,835.32
CUST0078,2026-08-03,2441.04
CUST0036,2026-08-06,2774.35
CUST0072,2026-08-07,2874.23
CUST0486,2026-05-23,76.02
CUST0048,2026-07-29,2717.38
CUST0377,2026-08-07,209.56
CUST0091,2026-07-28,1322.35
CUST0087,2026-08-15,1327.72
CUST0106,2026-08-05,2266.05
CUST0333,2026-08-14,210.25
CUST0114,2026-08-09,2069.67
CUST0456,2026-05-29,168.63
CUST0098,2026-08-12,1018.46
CUST0424,2026-05-25,89.65
CUST0119,2026-08-15,2934.57
CUST0012,2026-08-01,2338.93
CUST0130,2026-04-09,541.97
CUST0072,2026-08-15,2649.92
CUST0453,2026-04-28,70.46
CUST0066,2026-07-27,1844.75
CUST0159,2026-03-06,1197.51
CUST0155,2026-05-06,744.73
CUST0198,2026-03-19,657.92
CUST0008,2026-07-31,2597.89
CUST0407,2026-04-08,119.14
CUST0247,2026-01-28,351.41
CUST0019,2026-08-05,2822.05
CUST0008,2026-07-28,2397.1
CUST0109,2026-08-13,1884.3
CUST0108,2026-08-10,1542.16
CUST0124,2026-03-05,920.8
CUST0045,2026-08-11,927.25
CUST0047,2026-07-30,2031.66
CUST0129,2026-04-29,744.15
CUST0184,2026-03-15,1144.48
CUST0198,2026-03-31,927.94
CUST0030,2026-08-08,1303.86
CUST0086,2026-08-04,1490.93
CUST0205,2026-02-15,475.51
CUST0127,2026-04-29,830.51
CUST0178,2026-04-21,383.12
CUST0416,2026-05-02,133.94
CUST0034,2026-08-05,2190.98
CUST0213,2026-03-01,955.9
CUST0100,2026-07-28,1242.89
CUST0177,2026-03-21,550.32
CUST0066,2026-08-11,2421.8
CUST0455,2026-03-27,383.88
CUST0047,2026-08-12,2023.6
CUST0226,2026-04-24,1022.71
CUST0374,2026-08-12,502.55
CUST0142,2026-03-26,668.77
CUST0020,2026-08-12,1820.14
CUST0123,2026-03-25,840.99
CUST0108,2026-08-05,1609.13
CUST0198,2026-01-31,575.79
CUST0167,2026-05-02,595.41
CUST0243,2026-04-07,464.48
CUST0144,2026-03-04,891.06
CUST0048,2026-08-01,2931.53
CUST0225,2026-03-29,661.32
CUST0261,2026-08-03,168.65
CUST0409,2026-04-23,331.79
CUST0166,2026-05-03,479.32
CUST0037,2026-08-01,2174.47
CUST0149,2026-04-25,1184.98
CUST0133,2026-05-13,594.07
CUST0011,2026-08-09,1903.34
CUST0115,2026-08-06,2647.6
CUST0169,2026-03-01,527.52
CUST0103,2026-08-14,970.83
CUST0232,2026-05-02,809.42
CUST0462,2026-03-20,199.4
CUST0050,2026-08-10,1305.9
CUST0144,2026-02-25,637.92
CUST0242,2026-04-01,322.68
CUST0013,2026-08-15,1986.63
CUST0086,2026-08-15,864.6
CUST0046,2026-07-28,2614.3
CUST0197,2026-03-15,551.9
CUST0161,2026-04-28,349.7
CUST0015,2026-07-28,2160.16
CUST0217,2026-03-26,575.17
CUST0022,2026-08-13,1944.36
CUST0057,2026-08-04,1970.94
CUST0030,2026-08-01,2070.47
CUST0009,2026-08-08,2188.5
CUST0015,2026-07-29,2183.67
CUST0063,2026-07-31,2024.6
CUST0211,2026-03-23,1012.97
CUST0108,2026-07-30,1045.33
CUST0133,2026-04-16,1028.39
CUST0129,2026-05-08,1096.47
CUST0460,2026-06-04,225.68
CUST0131,2026-03-20,708.91
CUST0452,2026-06-06,96.67
CUST0086,2026-08-14,2607.6
CUST0125,2026-05-16,1079.49
CUST0230,2026-03-22,313.11
CUST0138,2026-04-24,854.67
CUST0065,2026-08-02,1029.04
CUST0118,2026-08-15,1068.47
CUST0207,2026-02-11,503.65
CUST0048,2026-08-12,2224.66
CUST0001,2026-08-05,2515.32
CUST0193,2026-01-28,396.85
CUST0053,2026-08-07,2359.93
CUST0123,2026-02-25,1147.15
CUST0097,2026-08-13,1549.33
CUST0420,2026-04-20,266.03
CUST0239,2026-02-15,678.01
CUST0114,2026-08-13,2768.21
CUST0151,2026-03-20,762.78
CUST0085,2026-08-15,2115.85
CUST0441,2026-04-02,220.84
CUST0122,2026-05-05,1006.38
CUST0170,2026-04-12,712.49
CUST0050,2026-08-08,1150.34
CUST0051,2026-08-07,1332.5
CUST0094,2026-07-29,1051.87
CUST0024,2026-08-08,2332.3
CUST0049,2026-08-03,2679.26
CUST0107,2026-08-09,1076.59
CUST0110,2026-08-05,1371.79
CUST0053,2026-08-12,2437.41
CUST0096,2026-08-13,1790.27
CUST0139,2026-03-15,1139.81
CUST0073,2026-08-09,2524.45
CUST0313,2026-08-01,192.46
CUST0316,2026-08-07,368.52
CUST0098,2026-08-11,2903.02
CUST0105,2026-07-30,1924.48
CUST0105,2026-08-12,2795.84
CUST0203,2026-03-11,543.58
CUST0112,2026-08-03,1959.91
CUST0176,2026-03-16,337.35
CUST0114,2026-08-03,1352.2
CUST0125,2026-02-18,439.35
CUST0102,2026-07-31,2477.71
CUST0457,2026-05-07,139.74
CUST0467,2026-05-16,229.62
CUST0123,2026-02-23,680.46
CUST0078,2026-07-30,2116.1
CUST0060,2026-07-28,1654.83
CUST0325,2026-08-04,484.72
CUST0119,2026-08-01,1757.71
CUST0265,2026-08-08,438.86
CUST0349,2026-08-05,500.47
CUST0279,2026-08-08,296.56
CUST0146,2026-02-12,837.44
CUST0132,2026-05-13,1007.87
CUST0088,2026-08-02,1853.95
CUST0249,2026-01-29,904.54
CUST0079,2026-07-27,1596.92
CUST0041,2026-07-29,1876.73
CUST0127,2026-02-22,1123.09
CUST0393,2026-08-09,523.77
CUST0435,2026-03-26,394.63
CUST0245,2026-02-09,864.27
CUST0137,2026-04-01,651.93
CUST0160,2026-02-13,415.14
CUST0007,2026-08-05,1550.35
CUST0076,2026-08-14,1581.85
CUST0043,2026-07-30,1684.25
CUST0390,2026-08-12,159.69
CUST0065,2026-08-04,1314.17
CUST0111,2026-07-27,2188.03
CUST0154,2026-01-28,634.34
CUST0077,2026-08-02,2391.49
CUST0016,2026-07-30,2409.63
CUST0030,2026-08-11,1318.52
CUST0418,2026-04-21,91.29
CUST0066,2026-07-27,932.31
CUST0030,2026-08-08,1629.28
CUST0404,2026-07-05,316.77
CUST0432,2026-06-15,154.3
CUST0077,2026-08-11,1074.37
CUST0323,2026-08-15,223.48
CUST0111,2026-08-05,898.04
CUST0303,2026-08-03,354.45
CUST0072,2026-08-08,1299.32
CUST0117,2026-08-11,2469.95
CUST0379,2026-08-12,208.02
CUST0156,2026-03-15,1029.23
CUST0350,2026-08-09,306.55
CUST0191,2026-04-20,766.45
CUST0061,2026-08-04,1127.78
CUST0137,2026-04-15,610.71
CUST0233,2026-04-26,787.14
CUST0038,2026-08-03,2320.69
CUST0059,2026-07-31,2619.05
CUST0152,2026-02-12,336.32
CUST0015,2026-08-14,1373.53
CUST0196,2026-04-23,1017.49
CUST0182,2026-03-12,669.77
CUST0209,2026-02-11,1026.08
CUST0144,2026-04-28,1197.46
CUST0029,2026-08-04,1243.81
CUST0218,2026-04-29,957.22
CUST0032,2026-08-11,1869.99
CUST0130,2026-05-15,855.11
CUST0030,2026-08-13,1161.38
CUST0289,2026-08-11,430.4
CUST0114,2026-08-07,1138.38
CUST0087,2026-07-31,2069.95
CUST0112,2026-07-30,2958.62
CUST0326,2026-08-05,544.1
CUST0175,2026-03-17,349.97
CUST0086,2026-08-04,2973.74
CUST0103,2026-08-12,2340.08
CUST0248,2026-03-01,636.55
CUST0005,2026-07-27,1575.65
CUST0179,2026-02-01,1114.29
CUST0088,2026-08-10,1298.81
CUST0037,2026-08-11,1700.71
CUST0029,2026-08-08,2581.72
CUST0202,2026-04-28,890.75
CUST0057,2026-07-29,2940.82
CUST0207,2026-05-02,304.86
CUST0060,2026-08-15,1064.46
CUST0080,2026-08-12,829.49
CUST0066,2026-08-03,1063.62
CUST0026,2026-08-01,2657.77
CUST0376,2026-08-06,391.71
CUST0219,2026-04-22,568.27
CUST0076,2026-08-12,1018.19
CUST0096,2026-08-01,896.23
CUST0034,2026-08-07,1127.06
CUST0062,2026-07-28,1023.13
CUST0215,2026-04-23,645.64
CUST0074,2026-08-13,2277.2
CUST0168,2026-03-12,496.84
CUST0015,2026-08-09,1059.96
CUST0012,2026-08-08,2397.4
CUST0118,2026-08-07,1391.46
CUST0381,2026-08-06,362.52
CUST0232,2026-04-03,797.96
CUST0053,2026-07-31,2004.7
CUST0112,2026-08-04,1370.99
CUST0084,2026-08-01,1230.85
CUST0271,2026-08-13,496.53
CUST0076,2026-08-03,1985.13
CUST0118,2026-07-28,1612.42
CUST0165,2026-03-26,676.75
CUST0205,2026-03-29,528.23
CUST0003,2026-08-01,1163.59
CUST0058,2026-08-08,2702.14
CUST0247,2026-03-12,344.3
CUST0110,2026-08-01,1160.54
CUST0104,2026-07-27,2301.76
CUST0190,2026-02-08,619.41
CUST0102,2026-08-12,2635.12
CUST0270,2026-08-07,253.94
CUST0410,2026-04-20,185.74
CUST0177,2026-02-05,566.09
CUST0018,2026-08-09,1733.29
CUST0179,2026-04-24,723.86
CUST0222,2026-02-18,1049.88
CUST0046,2026-08-11,2417.47
CUST0230,2026-02-15,312.9
CUST0098,2026-07-30,1109.22
CUST0200,2026-03-27,743.28
CUST0441,2026-05-09,391.94
CUST0180,2026-03-26,524.51
CUST0049,2026-08-14,1401.98
CUST0114,2026-08-02,2168.49
CUST0434,2026-04-23,213.99
CUST0095,2026-07-28,2809.23
CUST0157,2026-04-02,452.76
CUST0043,2026-08-09,820.87
CUST0352,2026-08-05,127.87
CUST0014,2026-07-27,2066.04
CUST0145,2026-04-17,1024.05
CUST0073,2026-08-08,1383.1
CUST0360,2026-08-11,399.69
CUST0177,2026-02-02,612.2
CUST0247,2026-02-13,530.57
CUST0081,2026-08-10,943.81
CUST0036,2026-08-08,1029.04
CUST0451,2026-04-10,314.67
CUST0056,2026-07-27,1634.59
CUST0213,2026-03-01,698.13
CUST0002,2026-08-04,1889.39
CUST0035,2026-07-28,1568.65
CUST0088,2026-07-30,892.45
CUST0216,2026-03-25,1086.26
CUST0072,2026-08-14,1762.73
CUST0091,2026-07-27,1775.44
CUST0230,2026-05-02,1079.66
CUST0422,2026-07-04,295.3
CUST0114,2026-08-06,2570.46
CUST0225,2026-03-08,835.71
CUST0057,2026-08-08,2933.81
CUST0128,2026-01-29,382.25
CUST0009,2026-08-13,2444.98
CUST0459,2026-03-28,392.66
CUST0189,2026-04-16,1146.16
CUST0111,2026-08-02,936.85
CUST0026,2026-08-12,2573.64
CUST0092,2026-07-30,1280.72
CUST0035,2026-08-10,2483.78
CUST0194,2026-03-11,510.51
CUST0123,2026-02-17,705.1
CUST0081,2026-07-28,1479.14
CUST0084,2026-08-02,1972.66
CUST0097,2026-08-08,1602.11
CUST0065,2026-08-10,1580.99
